-- phpMyAdmin SQL Dump
-- version 4.1.12
-- http://www.phpmyadmin.net
--
-- Servidor: 127.0.0.1
-- Tiempo de generación: 22-06-2017 a las 12:24:34
-- Versión del servidor: 5.5.36
-- Versión de PHP: 5.4.27

SET SQL_MODE = "NO_AUTO_VALUE_ON_ZERO";
SET time_zone = "+00:00";


/*!40101 SET @OLD_CHARACTER_SET_CLIENT=@@CHARACTER_SET_CLIENT */;
/*!40101 SET @OLD_CHARACTER_SET_RESULTS=@@CHARACTER_SET_RESULTS */;
/*!40101 SET @OLD_COLLATION_CONNECTION=@@COLLATION_CONNECTION */;
/*!40101 SET NAMES utf8 */;

--
-- Base de datos: `easysyst_rrhh`
--

-- --------------------------------------------------------

--
-- Estructura de tabla para la tabla `ahorro_previsional_voluntario`
--

CREATE TABLE IF NOT EXISTS `ahorro_previsional_voluntario` (
  `id` int(11) NOT NULL AUTO_INCREMENT,
  `mes` date NOT NULL,
  `nombre` varchar(255) NOT NULL,
  `valor` decimal(5,1) NOT NULL,
  `created_at` datetime NOT NULL,
  `updated_at` datetime NOT NULL,
  `deleted_at` datetime DEFAULT NULL,
  PRIMARY KEY (`id`)
) ENGINE=MyISAM  DEFAULT CHARSET=latin1 AUTO_INCREMENT=1 ;


-- --------------------------------------------------------


--
-- Estructura de tabla para la tabla `asignacion_familiar`
--

CREATE TABLE IF NOT EXISTS `asignacion_familiar` (
  `id` int(11) NOT NULL AUTO_INCREMENT,
  `mes` date NOT NULL,
  `tramo` varchar(255) NOT NULL,
  `monto` int(11) DEFAULT NULL,
  `renta_menor` int(11) DEFAULT NULL,
  `renta_mayor` int(11) DEFAULT NULL,
  `created_at` datetime NOT NULL,
  `updated_at` datetime NOT NULL,
  `deleted_at` datetime DEFAULT NULL,
  PRIMARY KEY (`id`)
) ENGINE=MyISAM  DEFAULT CHARSET=latin1 AUTO_INCREMENT=1 ;


-- --------------------------------------------------------


--
-- Estructura de tabla para la tabla `bancos`
--

CREATE TABLE IF NOT EXISTS `bancos` (
  `id` int(10) NOT NULL AUTO_INCREMENT,
  `codigo` varchar(255) NOT NULL,
  `nombre` varchar(255) NOT NULL,
  `updated_at` timestamp NOT NULL DEFAULT '0000-00-00 00:00:00',
  `created_at` timestamp NOT NULL DEFAULT '0000-00-00 00:00:00',
  PRIMARY KEY (`id`)
) ENGINE=MyISAM  DEFAULT CHARSET=latin1 AUTO_INCREMENT=31 ;

--
-- Volcado de datos para la tabla `bancos`
--

INSERT INTO `bancos` (`id`, `codigo`, `nombre`, `updated_at`, `created_at`) VALUES
(1, '012', 'Banco del Estado de Chile', '2017-07-03 16:12:03', '2015-07-03 21:57:09'),
(2, '001', 'Banco de Chile', '2017-07-03 16:12:03', '2015-07-03 21:57:09'),
(3, '009', 'Banco Internacional', '2017-07-03 16:12:03', '2015-07-03 21:57:09'),
(4, '014', 'ScotiaBank Chile', '2017-07-03 16:12:03', '2015-07-03 21:57:09'),
(5, '016', 'Banco de Crédito e Inversiones', '2017-07-03 16:12:03', '2015-07-03 21:57:09'),
(6, '027', 'CorpBanca', '2017-07-03 16:12:03', '2015-07-03 21:57:09'),
(7, '028', 'Banco BICE', '2017-07-03 16:12:03', '2015-07-03 21:57:09'),
(8, '031', 'HSBC Bank', '2017-07-03 16:12:03', '2015-07-03 21:57:09'),
(9, '037', 'Banco Santander-Chile', '2017-07-03 16:12:03', '2015-07-03 21:57:09'),
(10, '039', 'Banco ITAU Chile', '2017-07-03 16:12:03', '2015-07-03 21:57:09'),
(11, '045', 'The Bank of Tokyo-Mitsubishi UFJ. LTD', '2017-07-03 16:12:03', '2015-07-03 21:57:09'),
(12, '049', 'Banco Security', '2017-07-03 16:12:03', '2015-07-03 21:57:09'),
(13, '051', 'Banco Falabella', '2017-07-03 16:12:03', '2015-07-03 21:57:09'),
(14, '053', 'Banco Ripley', '2017-07-03 16:12:03', '2015-07-03 21:57:09'),
(15, '055', 'Banco Consorcio', '2017-07-03 16:12:03', '2015-07-03 21:57:09'),
(16, '057', 'Banco Paris', '2017-07-03 16:12:03', '2015-07-03 21:57:09'),
(17, '504', 'Banco Bilbao Vizcaya Argentina, Chile (BBVA)', '2017-07-03 16:12:03', '2015-07-03 21:57:09'),
(18, '672', 'COOPEUCH', '2017-07-03 16:12:03', '2015-07-03 21:57:09'),
(19, '017', 'Banco do Brasil S.A.', '0000-00-00 00:00:00', '0000-00-00 00:00:00'),
(20, '041', 'JP Morgan Chase Bank, N.A.', '0000-00-00 00:00:00', '0000-00-00 00:00:00'),
(21, '043', 'Banco de la Nación Argentina', '0000-00-00 00:00:00', '0000-00-00 00:00:00'),
(22, '052', 'Deutsche Bank', '0000-00-00 00:00:00', '0000-00-00 00:00:00'),
(23, '054', 'RaboBank Chile', '0000-00-00 00:00:00', '0000-00-00 00:00:00'),
(24, '056', 'Banco Penta', '0000-00-00 00:00:00', '0000-00-00 00:00:00'),
(25, '671', 'Coocretal', '0000-00-00 00:00:00', '0000-00-00 00:00:00'),
(26, '673', 'Oriencoop', '0000-00-00 00:00:00', '0000-00-00 00:00:00'),
(27, '674', 'Capual', '0000-00-00 00:00:00', '0000-00-00 00:00:00'),
(28, '675', 'Detacoop', '0000-00-00 00:00:00', '0000-00-00 00:00:00'),
(29, '676', 'Ahorrocoop', '0000-00-00 00:00:00', '0000-00-00 00:00:00'),
(30, '677', 'Lautaro Rosas', '0000-00-00 00:00:00', '0000-00-00 00:00:00');


-- --------------------------------------------------------

--
-- Estructura de tabla para la tabla `cajas_ex_regimen`
--

CREATE TABLE IF NOT EXISTS `cajas_ex_regimen` (
  `id` int(11) NOT NULL AUTO_INCREMENT,
  `nombre` varchar(255) NOT NULL,
  `created_at` datetime NOT NULL,
  `updated_at` datetime NOT NULL,
  `deleted_at` datetime DEFAULT NULL,
  PRIMARY KEY (`id`)
) ENGINE=MyISAM  DEFAULT CHARSET=latin1 AUTO_INCREMENT=25 ;

--
-- Volcado de datos para la tabla `cajas_ex_regimen`
--

INSERT INTO `cajas_ex_regimen` (`id`, `nombre`, `created_at`, `updated_at`, `deleted_at`) VALUES
(1, 'EMPART', '2017-09-29 00:00:00', '2017-09-29 00:00:00', NULL),
(2, 'CBP', '2017-09-29 00:00:00', '2017-09-29 00:00:00', NULL),
(5, 'CAPREBECH', '2017-09-29 00:00:00', '2017-09-29 00:00:00', NULL),
(6, 'CAPREMER', '2017-09-29 00:00:00', '2017-09-29 00:00:00', NULL),
(7, 'TRIOMAR', '2017-09-29 00:00:00', '2017-09-29 00:00:00', NULL),
(8, 'CAPREHINA', '2017-09-29 00:00:00', '2017-09-29 00:00:00', NULL),
(9, 'SSS', '2017-09-29 00:00:00', '2017-09-29 00:00:00', NULL),
(10, 'CAPREMOS, EE', '2017-09-29 00:00:00', '2017-09-29 00:00:00', NULL),
(11, 'CAPREMOS OO', '2017-09-29 00:00:00', '2017-09-29 00:00:00', NULL),
(12, 'CAJAFERRO', '2017-09-29 00:00:00', '2017-09-29 00:00:00', NULL),
(13, 'CANAEMPU, PUBLICO', '2017-09-29 00:00:00', '2017-09-29 00:00:00', NULL),
(14, 'CANAEMPU, PERIODISTA', '2017-09-29 00:00:00', '2017-09-29 00:00:00', NULL),
(15, 'CAPREMUSA', '2017-09-29 00:00:00', '2017-09-29 00:00:00', NULL),
(16, 'CAMUVAL', '2017-09-29 00:00:00', '2017-09-29 00:00:00', NULL),
(17, 'CAPREMUR', '2017-09-29 00:00:00', '2017-09-29 00:00:00', NULL),
(18, 'CAPRESOMU', '2017-09-29 00:00:00', '2017-09-29 00:00:00', NULL),
(19, 'DIOMP', '2017-09-29 00:00:00', '2017-09-29 00:00:00', NULL),
(20, 'CAJA SALITRE', '2017-09-29 00:00:00', '2017-09-29 00:00:00', NULL),
(21, 'CCU', '2017-09-29 00:00:00', '2017-09-29 00:00:00', NULL),
(22, 'GILDEMEISTER', '2017-09-29 00:00:00', '2017-09-29 00:00:00', NULL),
(23, 'HOCHSCHILD', '2017-09-29 00:00:00', '2017-09-29 00:00:00', NULL),
(24, 'SEPREGAS', '2017-09-29 00:00:00', '2017-09-29 00:00:00', NULL);


-- --------------------------------------------------------

--
-- Estructura de tabla para la tabla `comunas`
--

CREATE TABLE IF NOT EXISTS `comunas` (
  `id` int(10) unsigned NOT NULL AUTO_INCREMENT,
  `comuna` varchar(100) COLLATE utf8_unicode_ci NOT NULL,
  `provincia_id` int(10) unsigned NOT NULL,
  `created_at` timestamp NOT NULL DEFAULT '0000-00-00 00:00:00',
  `updated_at` timestamp NOT NULL DEFAULT '0000-00-00 00:00:00',
  PRIMARY KEY (`id`),
  KEY `comunas_provincia_id_foreign` (`provincia_id`),
  KEY `comunas_comuna_index` (`comuna`)
) ENGINE=MyISAM  DEFAULT CHARSET=utf8 COLLATE=utf8_unicode_ci AUTO_INCREMENT=403 ;

--
-- Volcado de datos para la tabla `comunas`
--

INSERT INTO `comunas` (`id`, `comuna`, `provincia_id`, `created_at`, `updated_at`) VALUES
(45, 'Iquique', 1, '0000-00-00 00:00:00', '0000-00-00 00:00:00'),
(46, 'Alto Hospicio', 1, '0000-00-00 00:00:00', '0000-00-00 00:00:00'),
(47, 'Huara', 1, '0000-00-00 00:00:00', '0000-00-00 00:00:00'),
(48, 'Camiña', 1, '0000-00-00 00:00:00', '0000-00-00 00:00:00'),
(49, 'Colchane', 1, '0000-00-00 00:00:00', '0000-00-00 00:00:00'),
(50, 'Pica', 1, '0000-00-00 00:00:00', '0000-00-00 00:00:00'),
(51, 'Pozo Almonte', 1, '0000-00-00 00:00:00', '0000-00-00 00:00:00'),
(52, 'Tocopilla', 2, '0000-00-00 00:00:00', '0000-00-00 00:00:00'),
(53, 'Maria Elena', 2, '0000-00-00 00:00:00', '0000-00-00 00:00:00'),
(54, 'Calama', 3, '0000-00-00 00:00:00', '0000-00-00 00:00:00'),
(55, 'Ollague', 3, '0000-00-00 00:00:00', '0000-00-00 00:00:00'),
(56, 'San Pedro de Atacama', 3, '0000-00-00 00:00:00', '0000-00-00 00:00:00'),
(57, 'Antofagasta', 4, '0000-00-00 00:00:00', '0000-00-00 00:00:00'),
(58, 'Mejillones', 4, '0000-00-00 00:00:00', '0000-00-00 00:00:00'),
(59, 'Sierra Gorda', 4, '0000-00-00 00:00:00', '0000-00-00 00:00:00'),
(60, 'Taltal', 4, '0000-00-00 00:00:00', '0000-00-00 00:00:00'),
(61, 'Chañaral', 5, '0000-00-00 00:00:00', '0000-00-00 00:00:00'),
(62, 'Diego de Almagro', 5, '0000-00-00 00:00:00', '0000-00-00 00:00:00'),
(63, 'Copiapó', 6, '0000-00-00 00:00:00', '0000-00-00 00:00:00'),
(64, 'Caldera', 6, '0000-00-00 00:00:00', '0000-00-00 00:00:00'),
(65, 'Tierra Amarilla', 6, '0000-00-00 00:00:00', '0000-00-00 00:00:00'),
(66, 'Vallenar', 7, '0000-00-00 00:00:00', '0000-00-00 00:00:00'),
(67, 'Freirina', 7, '0000-00-00 00:00:00', '0000-00-00 00:00:00'),
(68, 'Huasco', 7, '0000-00-00 00:00:00', '0000-00-00 00:00:00'),
(69, 'Alto del Carmen', 7, '0000-00-00 00:00:00', '0000-00-00 00:00:00'),
(70, 'La Serena', 8, '0000-00-00 00:00:00', '0000-00-00 00:00:00'),
(71, 'La Higuera', 8, '0000-00-00 00:00:00', '0000-00-00 00:00:00'),
(72, 'Coquimbo', 8, '0000-00-00 00:00:00', '0000-00-00 00:00:00'),
(73, 'Andacollo', 8, '0000-00-00 00:00:00', '0000-00-00 00:00:00'),
(74, 'Vicuña', 8, '0000-00-00 00:00:00', '0000-00-00 00:00:00'),
(75, 'Paihuano', 8, '0000-00-00 00:00:00', '0000-00-00 00:00:00'),
(76, 'Ovalle', 9, '0000-00-00 00:00:00', '0000-00-00 00:00:00'),
(77, 'Riio Hurtado', 9, '0000-00-00 00:00:00', '0000-00-00 00:00:00'),
(78, 'Monte Patria', 9, '0000-00-00 00:00:00', '0000-00-00 00:00:00'),
(79, 'Combarbalá', 9, '0000-00-00 00:00:00', '0000-00-00 00:00:00'),
(80, 'Punitaqui', 9, '0000-00-00 00:00:00', '0000-00-00 00:00:00'),
(81, 'Illapel', 10, '0000-00-00 00:00:00', '0000-00-00 00:00:00'),
(82, 'Salamanca', 10, '0000-00-00 00:00:00', '0000-00-00 00:00:00'),
(83, 'Los Vilos', 10, '0000-00-00 00:00:00', '0000-00-00 00:00:00'),
(84, 'Canela', 10, '0000-00-00 00:00:00', '0000-00-00 00:00:00'),
(85, 'Valparaíso', 11, '0000-00-00 00:00:00', '0000-00-00 00:00:00'),
(86, 'Casablanca', 11, '0000-00-00 00:00:00', '0000-00-00 00:00:00'),
(87, 'Concon', 11, '0000-00-00 00:00:00', '0000-00-00 00:00:00'),
(88, 'Juan Fernández', 11, '0000-00-00 00:00:00', '0000-00-00 00:00:00'),
(89, 'Puchuncavi', 11, '0000-00-00 00:00:00', '0000-00-00 00:00:00'),
(90, 'Quilpué', 11, '0000-00-00 00:00:00', '0000-00-00 00:00:00'),
(91, 'Quintero', 11, '0000-00-00 00:00:00', '0000-00-00 00:00:00'),
(92, 'Viña del Mar', 11, '0000-00-00 00:00:00', '0000-00-00 00:00:00'),
(93, 'Petorca', 12, '0000-00-00 00:00:00', '0000-00-00 00:00:00'),
(94, 'La Ligua', 12, '0000-00-00 00:00:00', '0000-00-00 00:00:00'),
(95, 'Cabildo', 12, '0000-00-00 00:00:00', '0000-00-00 00:00:00'),
(96, 'Papudo', 12, '0000-00-00 00:00:00', '0000-00-00 00:00:00'),
(97, 'Zapallar', 12, '0000-00-00 00:00:00', '0000-00-00 00:00:00'),
(98, 'Los Andes', 13, '0000-00-00 00:00:00', '0000-00-00 00:00:00'),
(99, 'San Esteban', 13, '0000-00-00 00:00:00', '0000-00-00 00:00:00'),
(100, 'Calle Larga', 13, '0000-00-00 00:00:00', '0000-00-00 00:00:00'),
(101, 'Rinconada', 13, '0000-00-00 00:00:00', '0000-00-00 00:00:00'),
(102, 'San Felipe', 14, '0000-00-00 00:00:00', '0000-00-00 00:00:00'),
(103, 'Catemu', 14, '0000-00-00 00:00:00', '0000-00-00 00:00:00'),
(104, 'Llay Llay', 14, '0000-00-00 00:00:00', '0000-00-00 00:00:00'),
(105, 'Panquehue', 14, '0000-00-00 00:00:00', '0000-00-00 00:00:00'),
(106, 'Putaendo', 14, '0000-00-00 00:00:00', '0000-00-00 00:00:00'),
(107, 'Santa Maria', 14, '0000-00-00 00:00:00', '0000-00-00 00:00:00'),
(108, 'Quillota', 15, '0000-00-00 00:00:00', '0000-00-00 00:00:00'),
(109, 'Calera', 15, '0000-00-00 00:00:00', '0000-00-00 00:00:00'),
(110, 'Hijuelas', 15, '0000-00-00 00:00:00', '0000-00-00 00:00:00'),
(111, 'Limache', 15, '0000-00-00 00:00:00', '0000-00-00 00:00:00'),
(112, 'La Cruz', 15, '0000-00-00 00:00:00', '0000-00-00 00:00:00'),
(113, 'Nogales', 15, '0000-00-00 00:00:00', '0000-00-00 00:00:00'),
(114, 'Olmué', 15, '0000-00-00 00:00:00', '0000-00-00 00:00:00'),
(115, 'San Antonio', 16, '0000-00-00 00:00:00', '0000-00-00 00:00:00'),
(116, 'Algarrobo', 16, '0000-00-00 00:00:00', '0000-00-00 00:00:00'),
(117, 'Cartagena', 16, '0000-00-00 00:00:00', '0000-00-00 00:00:00'),
(118, 'El Quisco', 16, '0000-00-00 00:00:00', '0000-00-00 00:00:00'),
(119, 'El Tabo', 16, '0000-00-00 00:00:00', '0000-00-00 00:00:00'),
(120, 'Santo Domingo', 16, '0000-00-00 00:00:00', '0000-00-00 00:00:00'),
(121, 'Isla de Pascua', 17, '0000-00-00 00:00:00', '0000-00-00 00:00:00'),
(122, 'Rancagua', 18, '0000-00-00 00:00:00', '0000-00-00 00:00:00'),
(123, 'Codegua', 18, '0000-00-00 00:00:00', '0000-00-00 00:00:00'),
(124, 'Coinco', 18, '0000-00-00 00:00:00', '0000-00-00 00:00:00'),
(125, 'Coltauco', 18, '0000-00-00 00:00:00', '0000-00-00 00:00:00'),
(126, 'Doñihue', 18, '0000-00-00 00:00:00', '0000-00-00 00:00:00'),
(127, 'Graneros', 18, '0000-00-00 00:00:00', '0000-00-00 00:00:00'),
(128, 'Las Cabras', 18, '0000-00-00 00:00:00', '0000-00-00 00:00:00'),
(129, 'Mostazal', 18, '0000-00-00 00:00:00', '0000-00-00 00:00:00'),
(130, 'Machali', 18, '0000-00-00 00:00:00', '0000-00-00 00:00:00'),
(131, 'Malloa', 18, '0000-00-00 00:00:00', '0000-00-00 00:00:00'),
(132, 'Olivar', 18, '0000-00-00 00:00:00', '0000-00-00 00:00:00'),
(133, 'Peumo', 18, '0000-00-00 00:00:00', '0000-00-00 00:00:00'),
(134, 'Pichidegua', 18, '0000-00-00 00:00:00', '0000-00-00 00:00:00'),
(135, 'Quinta de Tilcoco', 18, '0000-00-00 00:00:00', '0000-00-00 00:00:00'),
(136, 'Rengo', 18, '0000-00-00 00:00:00', '0000-00-00 00:00:00'),
(137, 'Requinoa', 18, '0000-00-00 00:00:00', '0000-00-00 00:00:00'),
(138, 'San Vicente', 18, '0000-00-00 00:00:00', '0000-00-00 00:00:00'),
(139, 'San Fernando', 19, '0000-00-00 00:00:00', '0000-00-00 00:00:00'),
(140, 'Chépica', 19, '0000-00-00 00:00:00', '0000-00-00 00:00:00'),
(141, 'Chimbarongo', 19, '0000-00-00 00:00:00', '0000-00-00 00:00:00'),
(142, 'Lolol', 19, '0000-00-00 00:00:00', '0000-00-00 00:00:00'),
(143, 'Nancagua', 19, '0000-00-00 00:00:00', '0000-00-00 00:00:00'),
(144, 'Palmilla', 19, '0000-00-00 00:00:00', '0000-00-00 00:00:00'),
(145, 'Peralillo', 19, '0000-00-00 00:00:00', '0000-00-00 00:00:00'),
(146, 'Placilla', 19, '0000-00-00 00:00:00', '0000-00-00 00:00:00'),
(147, 'Pumanque', 19, '0000-00-00 00:00:00', '0000-00-00 00:00:00'),
(148, 'Santa Cruz', 19, '0000-00-00 00:00:00', '0000-00-00 00:00:00'),
(149, 'Pichilemu', 20, '0000-00-00 00:00:00', '0000-00-00 00:00:00'),
(150, 'La Estrella', 20, '0000-00-00 00:00:00', '0000-00-00 00:00:00'),
(151, 'Litueche', 20, '0000-00-00 00:00:00', '0000-00-00 00:00:00'),
(152, 'Marchihue', 20, '0000-00-00 00:00:00', '0000-00-00 00:00:00'),
(153, 'Navidad', 20, '0000-00-00 00:00:00', '0000-00-00 00:00:00'),
(154, 'Paredones', 20, '0000-00-00 00:00:00', '0000-00-00 00:00:00'),
(155, 'Curicó', 21, '0000-00-00 00:00:00', '0000-00-00 00:00:00'),
(156, 'Teno', 21, '0000-00-00 00:00:00', '0000-00-00 00:00:00'),
(157, 'Romeral', 21, '0000-00-00 00:00:00', '0000-00-00 00:00:00'),
(158, 'Molina', 21, '0000-00-00 00:00:00', '0000-00-00 00:00:00'),
(159, 'Sagrada Familia', 21, '0000-00-00 00:00:00', '0000-00-00 00:00:00'),
(160, 'Hualañé', 21, '0000-00-00 00:00:00', '0000-00-00 00:00:00'),
(161, 'Licantén', 21, '0000-00-00 00:00:00', '0000-00-00 00:00:00'),
(162, 'Vichuquén', 21, '0000-00-00 00:00:00', '0000-00-00 00:00:00'),
(163, 'Rauco', 21, '0000-00-00 00:00:00', '0000-00-00 00:00:00'),
(164, 'Talca', 22, '0000-00-00 00:00:00', '0000-00-00 00:00:00'),
(165, 'Pelarco', 22, '0000-00-00 00:00:00', '0000-00-00 00:00:00'),
(166, 'Rio Claro', 22, '0000-00-00 00:00:00', '0000-00-00 00:00:00'),
(167, 'San Clemente', 22, '0000-00-00 00:00:00', '0000-00-00 00:00:00'),
(168, 'Maule', 22, '0000-00-00 00:00:00', '0000-00-00 00:00:00'),
(169, 'San Rafael', 22, '0000-00-00 00:00:00', '0000-00-00 00:00:00'),
(170, 'Empedrado', 22, '0000-00-00 00:00:00', '0000-00-00 00:00:00'),
(171, 'Pencahue', 22, '0000-00-00 00:00:00', '0000-00-00 00:00:00'),
(172, 'Constitucion', 22, '0000-00-00 00:00:00', '0000-00-00 00:00:00'),
(173, 'Curepto', 22, '0000-00-00 00:00:00', '0000-00-00 00:00:00'),
(174, 'Linares', 23, '0000-00-00 00:00:00', '0000-00-00 00:00:00'),
(175, 'Yerbas Buenas', 23, '0000-00-00 00:00:00', '0000-00-00 00:00:00'),
(176, 'Colbún', 23, '0000-00-00 00:00:00', '0000-00-00 00:00:00'),
(177, 'Longavi', 23, '0000-00-00 00:00:00', '0000-00-00 00:00:00'),
(178, 'Parral', 23, '0000-00-00 00:00:00', '0000-00-00 00:00:00'),
(179, 'Retiro', 23, '0000-00-00 00:00:00', '0000-00-00 00:00:00'),
(180, 'Villa Alegre', 23, '0000-00-00 00:00:00', '0000-00-00 00:00:00'),
(181, 'San Javier', 23, '0000-00-00 00:00:00', '0000-00-00 00:00:00'),
(182, 'Cauquenes', 24, '0000-00-00 00:00:00', '0000-00-00 00:00:00'),
(183, 'Pelluhue', 24, '0000-00-00 00:00:00', '0000-00-00 00:00:00'),
(184, 'Chanco', 24, '0000-00-00 00:00:00', '0000-00-00 00:00:00'),
(185, 'Chillán', 25, '0000-00-00 00:00:00', '0000-00-00 00:00:00'),
(186, 'Bulnes', 25, '0000-00-00 00:00:00', '0000-00-00 00:00:00'),
(187, 'Chillan Viejo', 25, '0000-00-00 00:00:00', '0000-00-00 00:00:00'),
(188, 'Cobquecura', 25, '0000-00-00 00:00:00', '0000-00-00 00:00:00'),
(189, 'Coelemu', 25, '0000-00-00 00:00:00', '0000-00-00 00:00:00'),
(190, 'Coihueco', 25, '0000-00-00 00:00:00', '0000-00-00 00:00:00'),
(191, 'El Carmen', 25, '0000-00-00 00:00:00', '0000-00-00 00:00:00'),
(192, 'Ninhue', 25, '0000-00-00 00:00:00', '0000-00-00 00:00:00'),
(193, 'Ñiquén', 25, '0000-00-00 00:00:00', '0000-00-00 00:00:00'),
(194, 'Pemuco', 25, '0000-00-00 00:00:00', '0000-00-00 00:00:00'),
(195, 'Pinto', 25, '0000-00-00 00:00:00', '0000-00-00 00:00:00'),
(196, 'Portezuelo', 25, '0000-00-00 00:00:00', '0000-00-00 00:00:00'),
(197, 'Quillón', 25, '0000-00-00 00:00:00', '0000-00-00 00:00:00'),
(198, 'Quirihue', 25, '0000-00-00 00:00:00', '0000-00-00 00:00:00'),
(199, 'Ranquil', 25, '0000-00-00 00:00:00', '0000-00-00 00:00:00'),
(200, 'San Carlos', 25, '0000-00-00 00:00:00', '0000-00-00 00:00:00'),
(201, 'San Fabián', 25, '0000-00-00 00:00:00', '0000-00-00 00:00:00'),
(202, 'San Ignacio', 25, '0000-00-00 00:00:00', '0000-00-00 00:00:00'),
(203, 'San Nicolás', 25, '0000-00-00 00:00:00', '0000-00-00 00:00:00'),
(204, 'Trehuaco', 25, '0000-00-00 00:00:00', '0000-00-00 00:00:00'),
(205, 'Yungay', 25, '0000-00-00 00:00:00', '0000-00-00 00:00:00'),
(206, 'Los Angeles', 26, '0000-00-00 00:00:00', '0000-00-00 00:00:00'),
(207, 'Alto Bio Bio', 26, '0000-00-00 00:00:00', '0000-00-00 00:00:00'),
(208, 'Antuco', 26, '0000-00-00 00:00:00', '0000-00-00 00:00:00'),
(209, 'Cabrero', 26, '0000-00-00 00:00:00', '0000-00-00 00:00:00'),
(210, 'Laja', 26, '0000-00-00 00:00:00', '0000-00-00 00:00:00'),
(211, 'Mulchén', 26, '0000-00-00 00:00:00', '0000-00-00 00:00:00'),
(212, 'Nacimiento', 26, '0000-00-00 00:00:00', '0000-00-00 00:00:00'),
(213, 'Negrete', 26, '0000-00-00 00:00:00', '0000-00-00 00:00:00'),
(214, 'Quilaco', 26, '0000-00-00 00:00:00', '0000-00-00 00:00:00'),
(215, 'Quilleco', 26, '0000-00-00 00:00:00', '0000-00-00 00:00:00'),
(216, 'Santa Bárbara', 26, '0000-00-00 00:00:00', '0000-00-00 00:00:00'),
(217, 'San Rosendo', 26, '0000-00-00 00:00:00', '0000-00-00 00:00:00'),
(218, 'Tucapel', 26, '0000-00-00 00:00:00', '0000-00-00 00:00:00'),
(219, 'Yumbel', 26, '0000-00-00 00:00:00', '0000-00-00 00:00:00'),
(220, 'Concepción', 27, '0000-00-00 00:00:00', '0000-00-00 00:00:00'),
(221, 'Chiguayante', 27, '0000-00-00 00:00:00', '0000-00-00 00:00:00'),
(222, 'Coronel', 27, '0000-00-00 00:00:00', '0000-00-00 00:00:00'),
(223, 'Florida', 27, '0000-00-00 00:00:00', '0000-00-00 00:00:00'),
(224, 'Hualpén', 27, '0000-00-00 00:00:00', '0000-00-00 00:00:00'),
(225, 'Hualqui', 27, '0000-00-00 00:00:00', '0000-00-00 00:00:00'),
(226, 'Lota', 27, '0000-00-00 00:00:00', '0000-00-00 00:00:00'),
(227, 'Penco', 27, '0000-00-00 00:00:00', '0000-00-00 00:00:00'),
(228, 'San Pedro de la Paz', 27, '0000-00-00 00:00:00', '0000-00-00 00:00:00'),
(229, 'Santa Juana', 27, '0000-00-00 00:00:00', '0000-00-00 00:00:00'),
(230, 'Talcahuano', 27, '0000-00-00 00:00:00', '0000-00-00 00:00:00'),
(231, 'Tomé', 27, '0000-00-00 00:00:00', '0000-00-00 00:00:00'),
(232, 'Arauco', 28, '0000-00-00 00:00:00', '0000-00-00 00:00:00'),
(233, 'Cañete', 28, '0000-00-00 00:00:00', '0000-00-00 00:00:00'),
(234, 'Contulmo', 28, '0000-00-00 00:00:00', '0000-00-00 00:00:00'),
(235, 'Curanilahue', 28, '0000-00-00 00:00:00', '0000-00-00 00:00:00'),
(236, 'Lebu', 28, '0000-00-00 00:00:00', '0000-00-00 00:00:00'),
(237, 'Los Alamos', 28, '0000-00-00 00:00:00', '0000-00-00 00:00:00'),
(238, 'Tirua', 28, '0000-00-00 00:00:00', '0000-00-00 00:00:00'),
(239, 'Angol', 29, '0000-00-00 00:00:00', '0000-00-00 00:00:00'),
(240, 'Collipulli', 29, '0000-00-00 00:00:00', '0000-00-00 00:00:00'),
(241, 'Curacautin', 29, '0000-00-00 00:00:00', '0000-00-00 00:00:00'),
(242, 'Ercilla', 29, '0000-00-00 00:00:00', '0000-00-00 00:00:00'),
(243, 'Lonquimay', 29, '0000-00-00 00:00:00', '0000-00-00 00:00:00'),
(244, 'Los Sauces', 29, '0000-00-00 00:00:00', '0000-00-00 00:00:00'),
(245, 'Lumaco', 29, '0000-00-00 00:00:00', '0000-00-00 00:00:00'),
(246, 'Purén', 29, '0000-00-00 00:00:00', '0000-00-00 00:00:00'),
(247, 'Renaico', 29, '0000-00-00 00:00:00', '0000-00-00 00:00:00'),
(248, 'Traiguén', 29, '0000-00-00 00:00:00', '0000-00-00 00:00:00'),
(249, 'Victoria', 29, '0000-00-00 00:00:00', '0000-00-00 00:00:00'),
(250, 'Temuco', 30, '0000-00-00 00:00:00', '0000-00-00 00:00:00'),
(251, 'Carahue', 30, '0000-00-00 00:00:00', '0000-00-00 00:00:00'),
(252, 'Cholchol', 30, '0000-00-00 00:00:00', '0000-00-00 00:00:00'),
(253, 'Cunco', 30, '0000-00-00 00:00:00', '0000-00-00 00:00:00'),
(254, 'Curarrehue', 30, '0000-00-00 00:00:00', '0000-00-00 00:00:00'),
(255, 'Freire', 30, '0000-00-00 00:00:00', '0000-00-00 00:00:00'),
(256, 'Galvarino', 30, '0000-00-00 00:00:00', '0000-00-00 00:00:00'),
(257, 'Gorbea', 30, '0000-00-00 00:00:00', '0000-00-00 00:00:00'),
(258, 'Lautaro', 30, '0000-00-00 00:00:00', '0000-00-00 00:00:00'),
(259, 'Loncoche', 30, '0000-00-00 00:00:00', '0000-00-00 00:00:00'),
(260, 'Melipeuco', 30, '0000-00-00 00:00:00', '0000-00-00 00:00:00'),
(261, 'Nueva Imperial', 30, '0000-00-00 00:00:00', '0000-00-00 00:00:00'),
(262, 'Padre las Casas', 30, '0000-00-00 00:00:00', '0000-00-00 00:00:00'),
(263, 'Perquenco', 30, '0000-00-00 00:00:00', '0000-00-00 00:00:00'),
(264, 'Pitrufquén', 30, '0000-00-00 00:00:00', '0000-00-00 00:00:00'),
(265, 'Pucón', 30, '0000-00-00 00:00:00', '0000-00-00 00:00:00'),
(266, 'Saavedra', 30, '0000-00-00 00:00:00', '0000-00-00 00:00:00'),
(267, 'Teodoro Schmidt', 30, '0000-00-00 00:00:00', '0000-00-00 00:00:00'),
(268, 'Toltén', 30, '0000-00-00 00:00:00', '0000-00-00 00:00:00'),
(269, 'Vilcún', 30, '0000-00-00 00:00:00', '0000-00-00 00:00:00'),
(270, 'Villarrica', 30, '0000-00-00 00:00:00', '0000-00-00 00:00:00'),
(271, 'Valdivia', 31, '0000-00-00 00:00:00', '0000-00-00 00:00:00'),
(272, 'Corral', 31, '0000-00-00 00:00:00', '0000-00-00 00:00:00'),
(273, 'Futrono', 31, '0000-00-00 00:00:00', '0000-00-00 00:00:00'),
(274, 'La Unión', 31, '0000-00-00 00:00:00', '0000-00-00 00:00:00'),
(275, 'Lago Ranco', 31, '0000-00-00 00:00:00', '0000-00-00 00:00:00'),
(276, 'Lanco', 31, '0000-00-00 00:00:00', '0000-00-00 00:00:00'),
(277, 'Los Lagos', 31, '0000-00-00 00:00:00', '0000-00-00 00:00:00'),
(278, 'Máfil', 31, '0000-00-00 00:00:00', '0000-00-00 00:00:00'),
(279, 'Mariquina', 31, '0000-00-00 00:00:00', '0000-00-00 00:00:00'),
(280, 'Paillaco', 31, '0000-00-00 00:00:00', '0000-00-00 00:00:00'),
(281, 'Panguipulli', 31, '0000-00-00 00:00:00', '0000-00-00 00:00:00'),
(282, 'Rio Bueno', 31, '0000-00-00 00:00:00', '0000-00-00 00:00:00'),
(283, 'Osorno', 32, '0000-00-00 00:00:00', '0000-00-00 00:00:00'),
(284, 'Puerto Octay', 32, '0000-00-00 00:00:00', '0000-00-00 00:00:00'),
(285, 'Purranque', 32, '0000-00-00 00:00:00', '0000-00-00 00:00:00'),
(286, 'Puyehue', 32, '0000-00-00 00:00:00', '0000-00-00 00:00:00'),
(287, 'Rio Negro', 32, '0000-00-00 00:00:00', '0000-00-00 00:00:00'),
(288, 'San Juan de la Costa', 32, '0000-00-00 00:00:00', '0000-00-00 00:00:00'),
(289, 'San Pablo', 33, '0000-00-00 00:00:00', '0000-00-00 00:00:00'),
(290, 'Calbuco', 33, '0000-00-00 00:00:00', '0000-00-00 00:00:00'),
(291, 'Cochamó', 33, '0000-00-00 00:00:00', '0000-00-00 00:00:00'),
(292, 'Fresia', 33, '0000-00-00 00:00:00', '0000-00-00 00:00:00'),
(293, 'Frutillar', 33, '0000-00-00 00:00:00', '0000-00-00 00:00:00'),
(294, 'Los Muermos', 33, '0000-00-00 00:00:00', '0000-00-00 00:00:00'),
(295, 'Llanquihue', 33, '0000-00-00 00:00:00', '0000-00-00 00:00:00'),
(296, 'Maullin', 33, '0000-00-00 00:00:00', '0000-00-00 00:00:00'),
(297, 'Puerto Montt', 33, '0000-00-00 00:00:00', '0000-00-00 00:00:00'),
(298, 'Puerto Varas', 33, '0000-00-00 00:00:00', '0000-00-00 00:00:00'),
(299, 'Ancud', 34, '0000-00-00 00:00:00', '0000-00-00 00:00:00'),
(300, 'Castro', 34, '0000-00-00 00:00:00', '0000-00-00 00:00:00'),
(301, 'Curaco de Vélez', 34, '0000-00-00 00:00:00', '0000-00-00 00:00:00'),
(302, 'Chonchi', 34, '0000-00-00 00:00:00', '0000-00-00 00:00:00'),
(303, 'Dalcahue', 34, '0000-00-00 00:00:00', '0000-00-00 00:00:00'),
(304, 'Puqueldón', 34, '0000-00-00 00:00:00', '0000-00-00 00:00:00'),
(305, 'Queilén', 34, '0000-00-00 00:00:00', '0000-00-00 00:00:00'),
(306, 'Quellón', 34, '0000-00-00 00:00:00', '0000-00-00 00:00:00'),
(307, 'Quemchi', 34, '0000-00-00 00:00:00', '0000-00-00 00:00:00'),
(308, 'Quinchao', 34, '0000-00-00 00:00:00', '0000-00-00 00:00:00'),
(309, 'Chaitén', 35, '0000-00-00 00:00:00', '0000-00-00 00:00:00'),
(310, 'Futaleufú', 35, '0000-00-00 00:00:00', '0000-00-00 00:00:00'),
(311, 'Hualaihué', 35, '0000-00-00 00:00:00', '0000-00-00 00:00:00'),
(312, 'Palena', 35, '0000-00-00 00:00:00', '0000-00-00 00:00:00'),
(313, 'Cachrane', 36, '0000-00-00 00:00:00', '0000-00-00 00:00:00'),
(314, 'O''Higgins', 36, '0000-00-00 00:00:00', '0000-00-00 00:00:00'),
(315, 'Tortel', 36, '0000-00-00 00:00:00', '0000-00-00 00:00:00'),
(316, 'Aysén', 37, '0000-00-00 00:00:00', '0000-00-00 00:00:00'),
(317, 'Cisnes', 37, '0000-00-00 00:00:00', '0000-00-00 00:00:00'),
(318, 'Guaitecas', 37, '0000-00-00 00:00:00', '0000-00-00 00:00:00'),
(319, 'Coyhaique', 38, '0000-00-00 00:00:00', '0000-00-00 00:00:00'),
(320, 'Lago Verde', 38, '0000-00-00 00:00:00', '0000-00-00 00:00:00'),
(321, 'Chile Chico', 39, '0000-00-00 00:00:00', '0000-00-00 00:00:00'),
(322, 'Rio Ibañez', 39, '0000-00-00 00:00:00', '0000-00-00 00:00:00'),
(323, 'Natales', 40, '0000-00-00 00:00:00', '0000-00-00 00:00:00'),
(324, 'Torres del Paine', 40, '0000-00-00 00:00:00', '0000-00-00 00:00:00'),
(325, 'Punta Arenas', 41, '0000-00-00 00:00:00', '0000-00-00 00:00:00'),
(326, 'Rio Verde', 41, '0000-00-00 00:00:00', '0000-00-00 00:00:00'),
(327, 'Laguna Blanca', 41, '0000-00-00 00:00:00', '0000-00-00 00:00:00'),
(328, 'San Gregorio', 41, '0000-00-00 00:00:00', '0000-00-00 00:00:00'),
(329, 'Porvenir', 42, '0000-00-00 00:00:00', '0000-00-00 00:00:00'),
(330, 'Primavera', 42, '0000-00-00 00:00:00', '0000-00-00 00:00:00'),
(331, 'Timaukel', 42, '0000-00-00 00:00:00', '0000-00-00 00:00:00'),
(332, 'Navarino', 43, '0000-00-00 00:00:00', '0000-00-00 00:00:00'),
(333, 'Antartica', 43, '0000-00-00 00:00:00', '0000-00-00 00:00:00'),
(334, 'Pirque', 44, '0000-00-00 00:00:00', '0000-00-00 00:00:00'),
(335, 'San José de Maipo', 44, '0000-00-00 00:00:00', '0000-00-00 00:00:00'),
(336, 'Puente Alto', 44, '0000-00-00 00:00:00', '0000-00-00 00:00:00'),
(337, 'Colina', 45, '0000-00-00 00:00:00', '0000-00-00 00:00:00'),
(338, 'Lampa', 45, '0000-00-00 00:00:00', '0000-00-00 00:00:00'),
(339, 'Til-Til', 45, '0000-00-00 00:00:00', '0000-00-00 00:00:00'),
(340, 'Paine', 46, '0000-00-00 00:00:00', '0000-00-00 00:00:00'),
(341, 'Buín', 46, '0000-00-00 00:00:00', '0000-00-00 00:00:00'),
(342, 'San Bernardo', 46, '0000-00-00 00:00:00', '0000-00-00 00:00:00'),
(343, 'Calera de Tango', 46, '0000-00-00 00:00:00', '0000-00-00 00:00:00'),
(344, 'Alhué', 47, '0000-00-00 00:00:00', '0000-00-00 00:00:00'),
(345, 'Curacaví', 47, '0000-00-00 00:00:00', '0000-00-00 00:00:00'),
(346, 'San Pedro', 47, '0000-00-00 00:00:00', '0000-00-00 00:00:00'),
(347, 'María Pinto', 47, '0000-00-00 00:00:00', '0000-00-00 00:00:00'),
(348, 'Melipilla', 47, '0000-00-00 00:00:00', '0000-00-00 00:00:00'),
(349, 'Cerrillos', 48, '0000-00-00 00:00:00', '0000-00-00 00:00:00'),
(350, 'Cerro Navia', 48, '0000-00-00 00:00:00', '0000-00-00 00:00:00'),
(351, 'Estación Central', 48, '0000-00-00 00:00:00', '0000-00-00 00:00:00'),
(352, 'Conchalí', 48, '0000-00-00 00:00:00', '0000-00-00 00:00:00'),
(353, 'El Bosque', 48, '0000-00-00 00:00:00', '0000-00-00 00:00:00'),
(354, 'Huechuraba', 48, '0000-00-00 00:00:00', '0000-00-00 00:00:00'),
(355, 'Independencia', 48, '0000-00-00 00:00:00', '0000-00-00 00:00:00'),
(356, 'La Cisterna', 48, '0000-00-00 00:00:00', '0000-00-00 00:00:00'),
(357, 'La Granja', 48, '0000-00-00 00:00:00', '0000-00-00 00:00:00'),
(358, 'La Florida', 48, '0000-00-00 00:00:00', '0000-00-00 00:00:00'),
(359, 'La Pintana', 48, '0000-00-00 00:00:00', '0000-00-00 00:00:00'),
(360, 'Las Condes', 48, '0000-00-00 00:00:00', '0000-00-00 00:00:00'),
(361, 'Lo Barnechea', 48, '0000-00-00 00:00:00', '0000-00-00 00:00:00'),
(362, 'La Reina', 48, '0000-00-00 00:00:00', '0000-00-00 00:00:00'),
(363, 'Lo Espejo', 48, '0000-00-00 00:00:00', '0000-00-00 00:00:00'),
(364, 'Lo Prado', 48, '0000-00-00 00:00:00', '0000-00-00 00:00:00'),
(365, 'Maipú', 48, '0000-00-00 00:00:00', '0000-00-00 00:00:00'),
(366, 'Macul', 48, '0000-00-00 00:00:00', '0000-00-00 00:00:00'),
(367, 'Pedro Aguirre Cerda', 48, '0000-00-00 00:00:00', '0000-00-00 00:00:00'),
(368, 'Ñuñoa', 48, '0000-00-00 00:00:00', '0000-00-00 00:00:00'),
(369, 'Peñalolén', 48, '0000-00-00 00:00:00', '0000-00-00 00:00:00'),
(370, 'Providencia', 48, '0000-00-00 00:00:00', '0000-00-00 00:00:00'),
(371, 'Pudahuel', 48, '0000-00-00 00:00:00', '0000-00-00 00:00:00'),
(372, 'Quilicura', 48, '0000-00-00 00:00:00', '0000-00-00 00:00:00'),
(373, 'Renca', 48, '0000-00-00 00:00:00', '0000-00-00 00:00:00'),
(374, 'Recoleta', 48, '0000-00-00 00:00:00', '0000-00-00 00:00:00'),
(375, 'Quinta Normal', 48, '0000-00-00 00:00:00', '0000-00-00 00:00:00'),
(376, 'San Ramón', 48, '0000-00-00 00:00:00', '0000-00-00 00:00:00'),
(377, 'San Joaquín', 48, '0000-00-00 00:00:00', '0000-00-00 00:00:00'),
(378, 'San Miguel', 48, '0000-00-00 00:00:00', '0000-00-00 00:00:00'),
(379, 'Santiago', 48, '0000-00-00 00:00:00', '0000-00-00 00:00:00'),
(380, 'Vitacura', 48, '0000-00-00 00:00:00', '0000-00-00 00:00:00'),
(381, 'Isla de Maipo', 49, '0000-00-00 00:00:00', '0000-00-00 00:00:00'),
(382, 'Padre Hurtado', 49, '0000-00-00 00:00:00', '0000-00-00 00:00:00'),
(383, 'Peñaflor', 49, '0000-00-00 00:00:00', '0000-00-00 00:00:00'),
(384, 'El Monte', 49, '0000-00-00 00:00:00', '0000-00-00 00:00:00'),
(385, 'Talagante', 49, '0000-00-00 00:00:00', '0000-00-00 00:00:00'),
(386, 'Valdivia', 50, '0000-00-00 00:00:00', '0000-00-00 00:00:00'),
(387, 'Corral', 50, '0000-00-00 00:00:00', '0000-00-00 00:00:00'),
(388, 'Lanco', 50, '0000-00-00 00:00:00', '0000-00-00 00:00:00'),
(389, 'Los Lagos', 50, '0000-00-00 00:00:00', '0000-00-00 00:00:00'),
(390, 'Mafil', 50, '0000-00-00 00:00:00', '0000-00-00 00:00:00'),
(391, 'Mariquina', 50, '0000-00-00 00:00:00', '0000-00-00 00:00:00'),
(392, 'Paillaco', 50, '0000-00-00 00:00:00', '0000-00-00 00:00:00'),
(393, 'Panguipulli', 50, '0000-00-00 00:00:00', '0000-00-00 00:00:00'),
(394, 'La Union', 51, '0000-00-00 00:00:00', '0000-00-00 00:00:00'),
(395, 'Futrono', 51, '0000-00-00 00:00:00', '0000-00-00 00:00:00'),
(396, 'Lago Ranco', 51, '0000-00-00 00:00:00', '0000-00-00 00:00:00'),
(397, 'Rio Bueno', 51, '0000-00-00 00:00:00', '0000-00-00 00:00:00'),
(398, 'Arica', 52, '0000-00-00 00:00:00', '0000-00-00 00:00:00'),
(399, 'Camarones', 52, '0000-00-00 00:00:00', '0000-00-00 00:00:00'),
(400, 'Putre', 53, '0000-00-00 00:00:00', '0000-00-00 00:00:00'),
(401, 'General Lagos', 53, '0000-00-00 00:00:00', '0000-00-00 00:00:00'),
(402, 'VILLA ALEMANA', 11, '0000-00-00 00:00:00', '0000-00-00 00:00:00');

-- --------------------------------------------------------

--
-- Estructura de tabla para la tabla `cotizacion_trabajos_pesados`
--

CREATE TABLE IF NOT EXISTS `cotizacion_trabajos_pesados` (
  `id` int(11) NOT NULL AUTO_INCREMENT,
  `mes` date NOT NULL,
  `trabajo` varchar(255) NOT NULL,
  `valor` int(11) DEFAULT NULL,
  `financiamiento_empleador` decimal(5,1) DEFAULT NULL,
  `financiamiento_trabajador` decimal(5,1) DEFAULT NULL,
  `created_at` datetime NOT NULL,
  `updated_at` datetime NOT NULL,
  `deleted_at` datetime DEFAULT NULL,
  PRIMARY KEY (`id`)
) ENGINE=MyISAM  DEFAULT CHARSET=latin1 AUTO_INCREMENT=1 ;


-- --------------------------------------------------------

--
-- Estructura de tabla para la tabla `cuentas`
--

CREATE TABLE IF NOT EXISTS `cuentas` (
  `id` int(10) NOT NULL AUTO_INCREMENT,
  `nombre` varchar(255) NOT NULL,
  `updated_at` timestamp NOT NULL DEFAULT '0000-00-00 00:00:00',
  `created_at` timestamp NOT NULL DEFAULT '0000-00-00 00:00:00',
  PRIMARY KEY (`id`)
) ENGINE=MyISAM  DEFAULT CHARSET=latin1 AUTO_INCREMENT=8 ;

--
-- Volcado de datos para la tabla `cuentas`
--

INSERT INTO `cuentas` (`id`, `nombre`, `updated_at`, `created_at`) VALUES
(1, 'Cuenta Corriente', '2017-07-03 16:12:03', '2015-07-03 21:57:09'),
(2, 'Cuenta Vista', '2017-07-03 16:12:03', '2015-07-03 21:57:09'),
(3, 'Cuenta Ahorro', '2017-07-03 16:12:03', '2015-07-03 21:57:09'),
(4, 'CuentaRut', '2017-07-03 16:12:03', '2015-07-03 21:57:09'),
(5, 'Chequera Electrónica', '2017-07-03 16:12:03', '2015-07-03 21:57:09'),
(6, 'Cuenta Gastos', '2017-07-03 16:12:03', '2015-07-03 21:57:09'),
(7, 'Vale Vista', '2017-07-03 16:12:03', '2015-07-03 21:57:09');

-- --------------------------------------------------------

--
-- Estructura de tabla para la tabla `deposito_convenido`
--

CREATE TABLE IF NOT EXISTS `deposito_convenido` (
  `id` int(11) NOT NULL AUTO_INCREMENT,
  `mes` date NOT NULL,
  `nombre` varchar(255) NOT NULL,
  `valor` decimal(5,1) NOT NULL,
  `created_at` datetime NOT NULL,
  `updated_at` datetime NOT NULL,
  `deleted_at` datetime DEFAULT NULL,
  PRIMARY KEY (`id`)
) ENGINE=MyISAM  DEFAULT CHARSET=latin1 AUTO_INCREMENT=1 ;


-- --------------------------------------------------------

--
-- Estructura de tabla para la tabla `documentos_empresa`
--

CREATE TABLE IF NOT EXISTS `documentos_sistema` (
  `id` int(11) NOT NULL AUTO_INCREMENT,
  `sid` varchar(50) NOT NULL,
  `nombre` varchar(205) NOT NULL,
  `alias` varchar(255) NOT NULL,
  `descripcion` text,
  `publico` tinyint(1) NOT NULL,
  `created_at` datetime NOT NULL,
  `updated_at` datetime NOT NULL,
  `deleted_at` datetime DEFAULT NULL,
  PRIMARY KEY (`id`)
) ENGINE=MyISAM DEFAULT CHARSET=latin1 AUTO_INCREMENT=1 ;


-- --------------------------------------------------------

--
-- Estructura de tabla para la tabla `empresas`
--

CREATE TABLE IF NOT EXISTS `empresas` (
  `id` int(10) unsigned NOT NULL AUTO_INCREMENT,
  `portal` VARCHAR(20) NULL,
  `url` VARCHAR(255) NULL,
  `razon_social` varchar(255) COLLATE utf8_unicode_ci NOT NULL,
  `nombre_fantasia` varchar(255) COLLATE utf8_unicode_ci NOT NULL,
  `rut` varchar(15) COLLATE utf8_unicode_ci NOT NULL,
  `direccion` varchar(255) COLLATE utf8_unicode_ci DEFAULT NULL,
  `comuna_id` int(10) unsigned DEFAULT NULL,
  `telefono` varchar(255) COLLATE utf8_unicode_ci DEFAULT NULL,
  `fax` varchar(255) COLLATE utf8_unicode_ci DEFAULT NULL,
  `representante_nombre` varchar(255) COLLATE utf8_unicode_ci DEFAULT NULL,
  `representante_rut` varchar(15) COLLATE utf8_unicode_ci DEFAULT NULL,
  `representante_direccion` varchar(255) COLLATE utf8_unicode_ci NOT NULL,
  `representante_comuna_id` int(11) NOT NULL,
  `actividad_economica` varchar(255) COLLATE utf8_unicode_ci DEFAULT NULL,
  `codigo_actividad` varchar(255) COLLATE utf8_unicode_ci DEFAULT NULL,
  `gerente_general` varchar(255) COLLATE utf8_unicode_ci DEFAULT NULL,
  `contador_nombre` varchar(255) COLLATE utf8_unicode_ci DEFAULT NULL,
  `contador_rut` varchar(15) COLLATE utf8_unicode_ci DEFAULT NULL,
  `numero_registro` varchar(255) COLLATE utf8_unicode_ci DEFAULT NULL,
  `logo` varchar(255) COLLATE utf8_unicode_ci DEFAULT NULL,
  `base_datos` varchar(255) COLLATE utf8_unicode_ci NOT NULL,
  `sis` TINYINT(1) NOT NULL,
  `caja_id` int(10) NOT NULL,
  `codigo_caja` VARCHAR(255) NULL DEFAULT NULL,
  `mutual_id` int(10) NOT NULL,
  `codigo_mutual` VARCHAR(255) NULL DEFAULT NULL,
  `tasa_fija_mutual` decimal(5,2) NOT NULL,
  `tasa_adicional_mutual` decimal(5,2) NOT NULL,
  `gratificacion` TINYTEXT NOT NULL,
  `tipo_gratificacion` TINYTEXT NOT NULL,
  `tope_gratificacion` DECIMAL(6,3) NOT NULL DEFAULT '4.750',
  `gratificacion_proporcional_inasistencias` TINYINT NULL DEFAULT '0',
  `gratificacion_proporcional_licencias` TINYINT NULL DEFAULT '0',
  `salud_completa` TINYINT NOT NULL,
  `ingresos_30` TINYINT NOT NULL,
  `finiquitos_30` TINYINT NOT NULL,
  `licencias_30` TINYINT NOT NULL,
  `cme` TINYINT NOT NULL DEFAULT '0',
  `centro_costo` TINYINT NOT NULL DEFAULT '0',
  `niveles_centro_costo` int(10) NOT NULL,
  `impuesto_unico` char(1) NOT NULL DEFAULT 'e',
  `zona` DECIMAL(5,2) NOT NULL,
  `habilitada` TINYINT NOT NULL DEFAULT '1', 
  `created_at` timestamp NOT NULL DEFAULT '0000-00-00 00:00:00',
  `updated_at` timestamp NOT NULL DEFAULT '0000-00-00 00:00:00',
  PRIMARY KEY (`id`),
  KEY `empresas_comuna_id_index` (`comuna_id`)
) ENGINE=MyISAM  DEFAULT CHARSET=utf8 COLLATE=utf8_unicode_ci AUTO_INCREMENT=1 ;


-- --------------------------------------------------------

--
-- Estructura de tabla para la tabla `estados_civiles`
--

CREATE TABLE IF NOT EXISTS `estados_civiles` (
  `id` int(10) NOT NULL AUTO_INCREMENT,
  `sid` varchar(50) NOT NULL,
  `nombre` varchar(255) NOT NULL,
  `updated_at` timestamp NOT NULL DEFAULT '0000-00-00 00:00:00',
  `created_at` timestamp NOT NULL DEFAULT '0000-00-00 00:00:00',
  PRIMARY KEY (`id`)
) ENGINE=MyISAM  DEFAULT CHARSET=latin1 AUTO_INCREMENT=5 ;

--
-- Volcado de datos para la tabla `estados_civiles`
--

INSERT INTO `estados_civiles` (`id`, `sid`, `nombre`, `updated_at`, `created_at`) VALUES
(1, 'F20176878976191505RS41', 'Soltero/a', '2017-07-03 16:12:03', '2015-07-03 21:57:09'),
(2, 'Y20455445124750RKU1238', 'Casado/a', '2017-07-03 16:12:03', '2015-07-03 21:57:09'),
(3, 'H20170206125415425VD27', 'Divorciado/a', '2017-07-03 16:12:03', '2015-07-03 21:57:09'),
(4, 'R201702DF878909UWM6081', 'Viudo/a', '2017-07-03 16:12:03', '2015-07-03 21:57:09');

-- --------------------------------------------------------

--
-- Estructura de tabla para la tabla `factores_actualizacion`
--


CREATE TABLE IF NOT EXISTS `factores_actualizacion` (
  `id` int(11) NOT NULL AUTO_INCREMENT,
  `anio` int(11) NOT NULL,
  `mes` date NOT NULL,
  `porcentaje` decimal(5,2) NOT NULL,
  `factor` decimal(6,3) NOT NULL,
  `created_at` datetime NOT NULL,
  `updated_at` datetime NOT NULL,
  `deleted_at` datetime DEFAULT NULL,
  PRIMARY KEY (`id`)
) ENGINE=MyISAM  DEFAULT CHARSET=latin1 AUTO_INCREMENT=1 ;

-- --------------------------------------------------------

--
-- Estructura de tabla para la tabla `funcionarios`
--

CREATE TABLE IF NOT EXISTS `funcionarios` (
  `id` int(10) unsigned NOT NULL AUTO_INCREMENT,
  `sid` varchar(50) COLLATE utf8_unicode_ci NOT NULL,
  `rut` varchar(20) COLLATE utf8_unicode_ci DEFAULT NULL,
  `nombres` varchar(200) COLLATE utf8_unicode_ci DEFAULT NULL,
  `paterno` varchar(100) COLLATE utf8_unicode_ci DEFAULT NULL,
  `materno` varchar(100) COLLATE utf8_unicode_ci DEFAULT NULL,
  `email` varchar(50) COLLATE utf8_unicode_ci DEFAULT NULL,
  `departamento_id` int(10) unsigned DEFAULT NULL,
  `telefono` varchar(100) COLLATE utf8_unicode_ci DEFAULT NULL,
  `created_at` timestamp NOT NULL DEFAULT '0000-00-00 00:00:00',
  `updated_at` timestamp NOT NULL DEFAULT '0000-00-00 00:00:00',
  `fotografia` varchar(200) COLLATE utf8_unicode_ci DEFAULT NULL,
  PRIMARY KEY (`id`),
  UNIQUE KEY `sid` (`sid`),
  UNIQUE KEY `funcionarios_rut_unique` (`rut`),
  KEY `funcionarios_departamento_id_foreign` (`departamento_id`),
  KEY `funcionarios_nombres_index` (`nombres`),
  KEY `funcionarios_paterno_index` (`paterno`),
  KEY `funcionarios_materno_index` (`materno`),
  KEY `funcionarios_email_index` (`email`)
) ENGINE=MyISAM  DEFAULT CHARSET=utf8 COLLATE=utf8_unicode_ci AUTO_INCREMENT=2 ;

--
-- Volcado de datos para la tabla `funcionarios`
--

INSERT INTO `funcionarios` (`id`, `sid`, `rut`, `nombres`, `paterno`, `materno`, `email`, `departamento_id`, `telefono`, `created_at`, `updated_at`, `fotografia`) VALUES
(1, '', '111111111', 'Administrador del Sistema', '', '', 'admin@admin.cl', 0, '', '2015-06-14 10:50:21', '2015-06-14 10:50:21', '');

-- --------------------------------------------------------

--
-- Estructura de tabla para la tabla `indicadores`
--

CREATE TABLE IF NOT EXISTS `indicadores` (
  `id` int(11) NOT NULL AUTO_INCREMENT,
  `nombre` varchar(255) NOT NULL,
  `created_at` datetime NOT NULL,
  `updated_at` datetime NOT NULL,
  `deleted_at` datetime DEFAULT NULL,
  PRIMARY KEY (`id`)
) ENGINE=MyISAM  DEFAULT CHARSET=latin1 AUTO_INCREMENT=4 ;

--
-- Volcado de datos para la tabla `indicadores`
--

INSERT INTO `indicadores` (`id`, `nombre`, `created_at`, `updated_at`, `deleted_at`) VALUES
(1, 'uf', '2017-03-31 00:00:00', '2017-03-31 00:00:00', NULL),
(2, 'utm', '2017-03-31 00:00:00', '2017-03-31 00:00:00', NULL),
(3, 'uta', '2017-03-31 00:00:00', '2017-03-31 00:00:00', NULL);


-- --------------------------------------------------------

--
-- Estructura de tabla para la tabla `menu`
--

CREATE TABLE IF NOT EXISTS `menu` (
  `id` int(10) unsigned NOT NULL AUTO_INCREMENT,
  `sid` varchar(50) COLLATE utf8_unicode_ci NOT NULL,
  `menu` varchar(50) COLLATE utf8_unicode_ci NOT NULL,
  `tipo` tinyint(1) NOT NULL,
  `padre_id` int(10) unsigned NOT NULL,
  `href` varchar(100) COLLATE utf8_unicode_ci NOT NULL,
  `onclick` varchar(200) COLLATE utf8_unicode_ci DEFAULT NULL,
  `title` varchar(50) COLLATE utf8_unicode_ci NOT NULL,
  `estado` tinyint(1) NOT NULL,
  `administrador` int(1) NOT NULL,
  `posicion` int(2) NOT NULL,
  `fontawesome` varchar(50) COLLATE utf8_unicode_ci DEFAULT NULL,
  `updated_at` timestamp NOT NULL DEFAULT '0000-00-00 00:00:00',
  `created_at` timestamp NOT NULL DEFAULT '0000-00-00 00:00:00',
  PRIMARY KEY (`id`),
  UNIQUE KEY `sid` (`sid`),
  KEY `categoria_id` (`administrador`),
  KEY `padre_id` (`padre_id`)
) ENGINE=MyISAM  DEFAULT CHARSET=utf8 COLLATE=utf8_unicode_ci AUTO_INCREMENT=165 ;

--
-- Volcado de datos para la tabla `menu`
--

INSERT INTO `menu` (`id`, `sid`, `menu`, `tipo`, `padre_id`, `href`, `onclick`, `title`, `estado`, `administrador`, `posicion`, `fontawesome`, `updated_at`, `created_at`) VALUES
(1, 'Y20150907235707QBB9055', 'Parámetros', 1, 0, '#', NULL, 'Panel de Administración de Opciones Generales', 1, 1, 11, 'fa fa-cogs', '2018-05-17 16:10:04', '2015-09-08 21:57:09'),
(101, 'N20170206131259JWX9701', 'Liquidaciones  de Sueldo', 2, 100, '#liquidaciones-de-sueldo', '', 'Liquidaciones  de Sueldo', 1, 2, 2, 'fa-files-o', '2017-07-13 15:05:08', '2017-02-06 16:12:59'),
(102, 'Z20170206131420POV3731', 'Libro de Remuneraciones', 2, 100, '#libro-remuneraciones', '', 'Libro de Remuneraciones', 1, 2, 3, 'fa-book', '2017-07-13 15:04:57', '2017-02-06 16:14:20'),
(103, 'P20170206131458PEN2966', 'Planilla Costo Empresa', 2, 100, '#planilla-costo-empresa', '', 'Planilla Costo Empresa', 1, 2, 5, 'fa-table', '2017-07-13 15:05:26', '2017-02-06 16:14:58'),
(105, 'F20170206131638BHD7777', 'Archivo Previred', 2, 100, '#archivo-previred', '', 'Archivo Previred', 1, 2, 7, 'fa-arrow-circle-right', '2017-07-13 15:04:30', '2017-02-06 16:16:38'),
(106, 'J20170206131840AHN3738', 'Nomina Bancaria', 2, 100, '#nomina-bancaria', '', 'Nomina Bancaria', 1, 2, 1, 'fa-leanpub', '2017-07-13 15:05:17', '2017-02-06 16:18:40'),
(107, 'R20170206131931ILE9569', 'Tabla Global Mensual', 2, 99, '#tabla-global-mensual', '', 'Tabla Global Mensual', 1, 2, 2, 'fa-line-chart', '2017-10-02 13:08:23', '2017-02-06 16:19:31'),
(108, 'N20170206132358GLP8680', 'Tabla Impuesto Único', 2, 99, '#tabla-impuesto-unico', '', 'Tabla Impuesto Único', 1, 2, 3, 'fa-calculator', '2017-10-02 13:08:46', '2017-02-06 16:23:58'),
(109, 'S20170206132453THF2224', 'Tabla de Haberes', 2, 99, '#tabla-haberes', '', 'Tabla de Haberes', 1, 2, 4, 'fa-calendar-plus-o', '2017-07-13 15:00:44', '2017-02-06 16:24:53'),
(110, 'T20170206132519KJP5451', 'Tabla de Descuentos', 2, 99, '#tabla-descuentos', '', 'Tabla de Descuentos', 1, 2, 5, 'fa-calendar-minus-o', '2017-07-13 15:00:34', '2017-02-06 16:25:19'),
(111, 'T20170206133100EYI5787', 'Trabajadores', 1, 0, '#', NULL, 'Trabajadores', 1, 2, 3, 'fa-user', '2017-07-13 14:58:11', '2017-02-06 16:31:00'),
(112, 'M20170206133338TQY6202', 'Agregar Nuevo / Recuperar', 2, 111, '#trabajadores', '', 'Agregar Nuevo / Recuperar', 1, 2, 1, 'fa-user-plus', '2017-07-13 14:58:20', '2017-02-06 16:33:38'),
(30, 'Z20151006010307NZA2853', 'Perfiles de Usuario', 2, 1, '#perfiles', '', 'Administración de Perfiles de Usuario', 1, 1, 9, 'fa-id-card-o', '2017-03-31 18:08:02', '2015-10-06 23:03:08'),
(31, 'Y20151010022335UUD1861', 'Accesos Rápidos', 2, 0, '#inicio', '', 'Panel de Inicio', 1, 3, 2, 'fa fa-bolt', '2017-03-16 22:16:45', '2015-10-11 00:23:36'),
(19, 'U20150908002831YHW1075', 'Usuarios', 2, 1, '#funcionarios', '', 'Administrador de Usuarios del Sistema', 1, 1, 8, 'fa-user-circle', '2017-03-29 04:31:13', '2015-09-08 22:28:32'),
(131, 'B20170207102343KJS7565', 'Reajuste Global Sueldo Base', 2, 111, '#reajuste-global', '', 'Reajuste Global Sueldo Base', 1, 2, 5, 'fa fa-balance-scale', '2017-07-13 14:58:59', '2017-02-07 13:23:43'),
(130, 'H20170207102152NMS5017', 'Cláusulas Finiquito', 2, 1, '#clausulas-finiquito', '', 'Cláusulas Finiquito', 1, 2, 23, 'fa-list-ol', '2017-07-13 15:07:22', '2017-02-07 13:21:52'),
(129, 'Y20170207102117JNF7414', 'Cláusulas de Contrato', 2, 1, '#clausulas-contrato', '', 'Cláusulas de Contrato', 1, 2, 22, 'fa-list-ol', '2017-07-13 15:07:12', '2017-02-07 13:21:17'),
(128, 'T20170207101523GTH5131', 'Asociar Documentos a Trabajador', 2, 111, '#asociar-documentos', '', 'Asociar Documentos a Trabajador', 1, 2, 3, 'fa fa-clipboard', '2017-08-25 16:20:42', '2017-02-07 13:15:23'),
(127, 'F20170207101402BFX8881', 'Cartas de Notificación', 2, 98, '#cartas-de-notificacion', '', 'Cartas de Notificación', 1, 2, 14, 'fa-envelope-o', '2017-07-13 15:02:23', '2017-02-07 13:14:02'),
(125, 'M20170206191548UCW3398', 'F 1887', 2, 100, '#f1887', '', 'F 1887', 1, 2, 8, 'fa-table', '2018-02-22 14:46:34', '2017-02-06 22:15:48'),
(126, 'I20170206191637EFW5213', 'Cargas Familiares', 2, 98, '#cargas-familiares', '', 'Administración de Cargas Familiares', 1, 2, 10, 'fa fa-users', '2017-07-13 15:01:38', '2017-02-06 22:16:37'),
(124, 'F20170206191505RSL7858', 'Préstamos', 2, 98, '#ingreso-prestamos', '', 'Préstamos', 1, 2, 8, 'fa fa-money', '2017-07-13 15:03:29', '2017-02-06 22:15:05'),
(123, 'T20170206191431XUN6513', 'Horas Extra', 2, 98, '#ingreso-horas-extra', '', 'Horas Extra', 1, 2, 5, 'fa fa-clock-o', '2017-07-13 15:02:33', '2017-02-06 22:14:31'),
(122, 'X20170206191224XJQ4201', 'Licencias Médicas', 2, 98, '#ingreso-licencias', '', 'Licencias Médicas', 1, 2, 4, 'fa fa-medkit', '2017-07-13 15:03:11', '2017-02-06 22:12:24'),
(121, 'W20170206191150MVH9882', 'Inasistencias', 2, 98, '#ingreso-inasistencias', '', 'Inasistencias', 1, 2, 3, 'fa fa-calendar-times-o', '2017-07-13 15:02:41', '2017-02-06 22:11:50'),
(119, 'O20170206190856YZA4645', 'Ingreso de Haberes', 2, 98, '#ingreso-haberes', '', 'Ingreso de Haberes', 1, 2, 1, 'fa fa-bar-chart', '2017-07-13 15:03:00', '2017-02-06 22:08:56'),
(120, 'K20170206190937CQP4270', 'Ingreso de Descuentos', 2, 98, '#ingreso-descuentos', '', 'Ingreso de Descuentos', 1, 2, 2, 'fa fa-area-chart', '2017-07-13 15:02:51', '2017-02-06 22:09:37'),
(118, 'W20170206134220DCM5536', 'Finiquitar Trabajador', 2, 111, '#finiquitar-trabajador', '', 'Finiquitar Trabajador', 1, 2, 4, 'fa-user-times', '2017-07-13 14:58:39', '2017-02-06 16:42:20'),
(117, 'V20170206134036XLK6617', 'Causales de Finiquito', 2, 1, '#causales-finiquito', '', 'Causales de Finiquito', 1, 2, 20, 'fa-list-alt', '2017-07-13 15:06:30', '2017-02-06 16:40:36'),
(116, 'S20170206133737PWW3778', 'Tipos de Jornada', 2, 1, '#jornadas', '', 'Tipos de Jornada', 1, 2, 13, 'fa-hourglass-end', '2017-07-13 15:08:09', '2017-02-06 16:37:37'),
(114, 'R20170206133609UWM6083', 'Causales de Notificación', 2, 1, '#causales-notificacion', '', 'Causales Notificación', 1, 2, 19, 'fa-list-alt', '2017-07-13 15:06:54', '2017-02-06 16:36:09'),
(115, 'V20170206133658KKB5590', 'Tipos de Contrato', 2, 1, '#tipos-contrato', '', 'Tipos de Contrato', 1, 2, 12, 'fa-handshake-o', '2017-07-13 15:08:00', '2017-02-06 16:36:58'),
(113, 'O20170206133443ZVJ3460', 'Vigentes', 2, 111, '#trabajadores-vigentes', '', 'Vigentes', 1, 2, 2, 'fa-check-square-o', '2017-07-13 14:59:09', '2017-02-06 16:34:43'),
(100, 'J20170206131013IJT1805', 'Reportes y Archivos', 1, 0, '#', NULL, 'Reportes y Archivos', 1, 2, 8, 'fa-folder-open', '2017-07-13 15:04:15', '2017-02-06 16:10:13'),
(97, 'T20170203231417HBO4068', 'Tablas Estructurantes', 2, 99, '#tablas', NULL, 'Tablas Estructurantes', 1, 1, 25, 'fa-database', '2018-05-17 16:19:22', '2017-02-04 02:14:17'),
(98, 'Y20170206124750RKU2865', 'Movimiento de Mes', 1, 0, '#', NULL, 'Movimiento de Mes', 1, 2, 7, 'fa-cloud-upload', '2017-07-13 15:01:29', '2017-02-06 15:47:50'),
(99, 'H20170206125415BID6522', 'Tablas / Variables Mes', 1, 0, '#', NULL, 'Tablas / Variables Mes', 1, 2, 4, 'fa-bullseye', '2018-05-17 17:00:20', '2017-02-06 15:54:15'),
(132, 'L20170322164630FUK6793', 'Orgánica', 2, 1, '#organica', NULL, 'Administración de la Orgánica', 1, 2, 10, 'fa fa-sitemap', '2017-07-13 15:07:34', '2017-03-22 20:46:31'),
(133, 'C20170324163703ADA6565', 'Recaudadores', 2, 1, '#recaudadores', NULL, 'Recaudadores', 1, 1, 11, 'fa fa-university', '2018-05-17 16:38:21', '2017-03-24 20:37:04'),
(134, 'S20170405140728OHL7430', 'Administración Empresas', 2, 1, '#empresas', NULL, 'Administración de Empresas', 1, 1, 6, 'fa-building', '2017-04-05 17:08:02', '2017-04-05 17:07:29'),
(135, 'A20170502184207NSE7040', 'Vacaciones', 2, 98, '#trabajadores-vacaciones', NULL, 'Vacaciones', 1, 2, 9, 'fa-plane', '2017-07-13 15:03:38', '2017-05-02 21:42:08'),
(136, 'Q20170503122247ZFV2345', 'Certificados', 2, 100, '#certificados', NULL, 'Certificados', 1, 2, 4, 'fa-print', '2017-07-13 15:04:39', '2017-05-03 15:22:48'),
(137, 'S20170505154919KUC2624', 'Cargos', 2, 1, '#cargos', NULL, 'Cargos', 1, 2, 15, 'fa-black-tie', '2017-07-13 15:06:43', '2017-05-05 18:49:20'),
(138, 'K20170505155059YEA8746', 'Títulos', 2, 1, '#titulos', NULL, 'Títulos', 1, 2, 14, 'fa-graduation-cap', '2017-07-13 15:08:18', '2017-05-05 18:51:00'),
(139, 'H20170510154252VKN6926', 'Cierre Mensual', 2, 164, '#cierre-mensual', NULL, 'Cierre Mensual', 1, 2, 26, 'fa-key', '2018-05-17 16:13:10', '2017-05-10 22:42:53'),
(140, 'K20170802213841IRF9133', 'Tipos de Cargas Familiares', 2, 1, '#tipos-carga', NULL, 'Tipos de Cargas Familiares', 1, 1, 16, 'fa-user-o', '2018-05-17 16:40:23', '2017-08-03 01:38:42'),
(141, 'L20170816084424KFM8165', 'Gestión de Cuentas', 2, 164, '#gestion-cuentas', NULL, 'Gestión de Cuentas', 1, 2, 7, 'fa-credit-card-alt', '2018-05-17 16:15:05', '2017-08-16 11:44:25'),
(142, 'X20170822101745ZGF7621', 'Gratificación', 2, 164, '#gratificacion', NULL, 'Gratificación', 1, 2, 21, 'fa-usd', '2018-05-17 16:16:17', '2017-08-22 13:17:46'),
(143, 'P20170825130728DYW1461', 'Trabajadores Semana Corrida', 2, 98, '#semana-corrida', NULL, 'Trabajadores Semana Corrida', 1, 2, 6, 'fa-calendar', '2017-08-25 16:07:29', '2017-08-25 16:07:29'),
(144, 'Y20171002100753YES2058', 'Tabla Cajas Ex-Régimen', 2, 99, '#tabla-cajas', NULL, 'Tabla Cajas Ex-Régimen', 1, 2, 6, 'fa-table', '2017-10-02 13:07:54', '2017-10-02 13:07:54'),
(145, 'Y20171024164752RJH7230', 'Empleados', 1, 0, '#empleados', NULL, 'Empleados', 1, 4, 2, 'fa-id-card-o', '2017-10-24 19:47:54', '2017-10-24 19:47:54'),
(146, 'G20171026131847KSR3005', 'Centros de Costo', 2, 1, '#centro-costos', NULL, 'Centros de Costo', 1, 2, 5, 'fa-pie-chart', '2017-10-26 16:18:48', '2017-10-26 16:18:48'),
(147, 'M20171026161204LEB6454', 'Tiendas', 2, 1, '#tiendas', NULL, 'Tiendas', 1, 2, 4, 'fa-shopping-bag', '2017-10-26 19:12:05', '2017-10-26 19:12:05'),
(148, 'A20171026173315HXN9206', 'Cuentas', 2, 164, '#cuentas', NULL, 'Cuentas', 1, 2, 3, 'fa-usd', '2018-05-17 16:11:35', '2017-10-26 20:33:16'),
(149, 'B20171031100246KTG2769', 'Documentos Empresa', 2, 100, '#documentos-empresa', NULL, 'Documentos Empresa', 1, 2, 2, 'fa-folder-open-o', '2018-05-17 17:00:46', '2017-10-31 13:02:47'),
(150, 'T20171114115512ZQD3639', 'Acceso Empleados', 2, 1, '#empleados', NULL, 'Acceso Empleados', 1, 2, 18, 'fa fa-address-book', '2017-11-14 14:55:13', '2017-11-14 14:55:13'),
(151, 'T20171114170008WMA6009', 'Documentos de la Empresa', 2, 145, '#documentos-de-empresa', NULL, 'Documentos de la Empresa', 1, 4, 1, 'fa fa-folder-open-o', '2017-11-14 20:00:09', '2017-11-14 20:00:09'),
(152, 'B20171114170145CJV9340', 'Mis Liquidaciones de Sueldo', 2, 145, '#mis-liquidaciones', NULL, 'Mis Liquidaciones de Sueldo', 1, 4, 2, 'fa-files-o', '2017-11-14 20:01:46', '2017-11-14 20:01:46'),
(153, 'B20171114170257QBE2209', 'Mis Cartas de Notificación', 2, 145, '#mis-cartas-notificacion', NULL, 'Mis Cartas de Notificación', 1, 4, 3, 'fa-envelope-o', '2017-11-14 20:02:58', '2017-11-14 20:02:58'),
(154, 'I20171114170341BMC2728', 'Mis Certificados', 2, 145, '#mis-certificados', NULL, 'Mis Certificados', 1, 4, 5, 'fa-print', '2017-11-14 20:03:42', '2017-11-14 20:03:42'),
(155, 'S20171114170557VKI3439', 'Solicitudes', 2, 145, '#solicitudes', NULL, 'Solicitudes', 1, 4, 7, 'fa fa-inbox', '2017-11-14 20:05:58', '2017-11-14 20:05:58'),
(156, 'G20171204130334AAX7548', 'APVs', 2, 98, '#apvs', NULL, 'APVs', 1, 2, 7, 'fa-usd', '2017-12-04 16:03:35', '2017-12-04 16:03:35'),
(157, 'D20171226094631JLM4606', 'Centralización', 2, 164, '#centralizacion', NULL, 'Centralización', 1, 2, 17, 'fa-refresh', '2018-05-17 16:11:10', '2017-12-26 12:46:32'),
(158, 'U20180226160633FGZ1048', 'Factores de Actualización', 2, 99, '#factores-actualizacion', NULL, 'Factores de Actualización', 1, 2, 1, 'fa-thermometer-half', '2018-02-26 19:06:34', '2018-02-26 19:06:34'),
(159, 'P20180404130333FMJ1237', 'Soporte Online', 2, 161, 'javascript:void(0)', 'openSoporteOnline', 'Soporte Online', 1, 3, 1, 'fa-external-link-square', '2018-05-07 19:45:03', '2018-04-04 16:03:34'),
(160, 'D20180502144219UET1238', 'Atrasos', 2, 98, '#atrasos', NULL, 'Atrasos', 1, 2, 18, 'fa-hourglass-half', '2018-05-02 17:42:21', '2018-05-02 17:42:21'),
(161, 'J20180507161828UXK9513', 'Soporte', 1, 0, '#', NULL, 'Soporte', 1, 3, 13, 'fa fa-child', '2018-05-07 19:25:38', '2018-05-07 19:18:29'),
(162, 'U20180507163002MZG2945', 'Manual de Usuario', 2, 161, 'javascript:void(0)', 'openManualUsuario', 'Manual de Usuario', 1, 3, 2, 'fa fa-print', '2018-05-08 12:57:11', '2018-05-07 19:30:03'),
(163, 'N20180507165256KDO9892', 'Configuración', 2, 1, '#configuracion', '', 'Configuración', 1, 2, 1, 'fa-cog', '2018-05-08 12:57:36', '2018-05-07 19:52:57'),
(164, 'V20180517120847CLO5995', 'Cierres', 1, 0, '#', '', 'Cierres', 1, 2, 9, 'fa-toggle-on', '2018-05-17 16:09:40', '2018-05-17 16:08:48');


-- --------------------------------------------------------

--
-- Estructura de tabla para la tabla `menu_permisos`
--

CREATE TABLE IF NOT EXISTS `menu_permisos` (
  `id` int(10) NOT NULL AUTO_INCREMENT,
  `menu_id` int(10) NOT NULL,
  `opcion` varchar(10) NOT NULL,
  `created_at` datetime DEFAULT NULL,
  `updated_at` datetime DEFAULT NULL,
  PRIMARY KEY (`id`),
  KEY `menu_id` (`menu_id`)
) ENGINE=MyISAM  DEFAULT CHARSET=latin1 AUTO_INCREMENT=457 ;

--
-- Volcado de datos para la tabla `menu_permisos`
--

INSERT INTO `menu_permisos` (`id`, `menu_id`, `opcion`, `created_at`, `updated_at`) VALUES
(1, 42, 'ver', '2016-05-06 21:51:34', '2016-05-06 21:51:34'),
(2, 42, 'crear', '2016-05-06 21:51:34', '2016-05-06 21:51:34'),
(3, 42, 'eliminar', '2016-05-06 21:51:34', '2016-05-06 21:51:34'),
(4, 42, 'modificar', '2016-05-06 21:51:34', '2016-05-06 21:51:34'),
(5, 43, 'ver', '2016-05-06 21:52:07', '2016-05-06 21:52:07'),
(6, 43, 'crear', '2016-05-06 21:52:07', '2016-05-06 21:52:07'),
(7, 43, 'eliminar', '2016-05-06 21:52:07', '2016-05-06 21:52:07'),
(8, 43, 'modificar', '2016-05-06 21:52:07', '2016-05-06 21:52:07'),
(9, 44, 'ver', '2016-05-06 21:52:59', '2016-05-06 21:52:59'),
(10, 44, 'crear', '2016-05-06 21:52:59', '2016-05-06 21:52:59'),
(11, 44, 'eliminar', '2016-05-06 21:52:59', '2016-05-06 21:52:59'),
(12, 44, 'modificar', '2016-05-06 21:52:59', '2016-05-06 21:52:59'),
(13, 45, 'ver', '2016-05-06 21:57:52', '2016-05-06 21:57:52'),
(14, 45, 'crear', '2016-05-06 21:57:52', '2016-05-06 21:57:52'),
(15, 45, 'eliminar', '2016-05-06 21:57:52', '2016-05-06 21:57:52'),
(16, 45, 'modificar', '2016-05-06 21:57:52', '2016-05-06 21:57:52'),
(17, 46, 'ver', '2016-05-06 22:00:11', '2016-05-06 22:00:11'),
(18, 46, 'crear', '2016-05-06 22:00:11', '2016-05-06 22:00:11'),
(19, 46, 'eliminar', '2016-05-06 22:00:11', '2016-05-06 22:00:11'),
(20, 46, 'modificar', '2016-05-06 22:00:11', '2016-05-06 22:00:11'),
(21, 47, 'ver', '2016-05-06 22:01:34', '2016-05-06 22:01:34'),
(22, 47, 'crear', '2016-05-06 22:01:34', '2016-05-06 22:01:34'),
(23, 47, 'eliminar', '2016-05-06 22:01:34', '2016-05-06 22:01:34'),
(24, 47, 'modificar', '2016-05-06 22:01:34', '2016-05-06 22:01:34'),
(25, 48, 'ver', '2016-05-06 22:09:21', '2016-05-06 22:09:21'),
(26, 48, 'crear', '2016-05-06 22:09:21', '2016-05-06 22:09:21'),
(27, 48, 'eliminar', '2016-05-06 22:09:21', '2016-05-06 22:09:21'),
(28, 48, 'modificar', '2016-05-06 22:09:21', '2016-05-06 22:09:21'),
(29, 49, 'ver', '2016-05-06 22:10:54', '2016-05-06 22:10:54'),
(30, 49, 'crear', '2016-05-06 22:10:54', '2016-05-06 22:10:54'),
(31, 49, 'eliminar', '2016-05-06 22:10:54', '2016-05-06 22:10:54'),
(32, 49, 'modificar', '2016-05-06 22:10:54', '2016-05-06 22:10:54'),
(33, 50, 'ver', '2016-05-06 22:13:58', '2016-05-06 22:13:58'),
(34, 50, 'crear', '2016-05-06 22:13:58', '2016-05-06 22:13:58'),
(35, 50, 'eliminar', '2016-05-06 22:13:58', '2016-05-06 22:13:58'),
(36, 50, 'modificar', '2016-05-06 22:13:58', '2016-05-06 22:13:58'),
(37, 51, 'ver', '2016-05-06 22:14:56', '2016-05-06 22:14:56'),
(38, 51, 'crear', '2016-05-06 22:14:56', '2016-05-06 22:14:56'),
(39, 51, 'eliminar', '2016-05-06 22:14:56', '2016-05-06 22:14:56'),
(40, 51, 'modificar', '2016-05-06 22:14:56', '2016-05-06 22:14:56'),
(41, 52, 'ver', '2016-05-06 22:16:42', '2016-05-06 22:16:42'),
(42, 52, 'crear', '2016-05-06 22:16:42', '2016-05-06 22:16:42'),
(43, 52, 'eliminar', '2016-05-06 22:16:42', '2016-05-06 22:16:42'),
(44, 52, 'modificar', '2016-05-06 22:16:42', '2016-05-06 22:16:42'),
(45, 53, 'ver', '2016-05-06 22:18:34', '2016-05-06 22:18:34'),
(46, 53, 'crear', '2016-05-06 22:18:34', '2016-05-06 22:18:34'),
(47, 53, 'eliminar', '2016-05-06 22:18:34', '2016-05-06 22:18:34'),
(48, 53, 'modificar', '2016-05-06 22:18:34', '2016-05-06 22:18:34'),
(49, 54, 'ver', '2016-05-06 22:19:33', '2016-05-06 22:19:33'),
(50, 54, 'crear', '2016-05-06 22:19:33', '2016-05-06 22:19:33'),
(51, 54, 'eliminar', '2016-05-06 22:19:33', '2016-05-06 22:19:33'),
(52, 54, 'modificar', '2016-05-06 22:19:33', '2016-05-06 22:19:33'),
(53, 55, 'ver', '2016-05-06 22:20:33', '2016-05-06 22:20:33'),
(54, 55, 'crear', '2016-05-06 22:20:33', '2016-05-06 22:20:33'),
(55, 55, 'eliminar', '2016-05-06 22:20:33', '2016-05-06 22:20:33'),
(56, 55, 'modificar', '2016-05-06 22:20:33', '2016-05-06 22:20:33'),
(57, 56, 'ver', '2016-05-06 22:21:14', '2016-05-06 22:21:14'),
(58, 56, 'crear', '2016-05-06 22:21:14', '2016-05-06 22:21:14'),
(59, 56, 'eliminar', '2016-05-06 22:21:14', '2016-05-06 22:21:14'),
(60, 56, 'modificar', '2016-05-06 22:21:14', '2016-05-06 22:21:14'),
(61, 57, 'ver', '2016-05-06 22:23:35', '2016-05-06 22:23:35'),
(62, 57, 'crear', '2016-05-06 22:23:35', '2016-05-06 22:23:35'),
(63, 57, 'eliminar', '2016-05-06 22:23:35', '2016-05-06 22:23:35'),
(64, 57, 'modificar', '2016-05-06 22:23:35', '2016-05-06 22:23:35'),
(65, 58, 'ver', '2016-05-06 22:26:19', '2016-05-06 22:26:19'),
(66, 58, 'crear', '2016-05-06 22:26:19', '2016-05-06 22:26:19'),
(67, 58, 'eliminar', '2016-05-06 22:26:19', '2016-05-06 22:26:19'),
(68, 58, 'modificar', '2016-05-06 22:26:19', '2016-05-06 22:26:19'),
(69, 59, 'ver', '2016-05-06 22:27:03', '2016-05-06 22:27:03'),
(70, 59, 'crear', '2016-05-06 22:27:03', '2016-05-06 22:27:03'),
(71, 59, 'eliminar', '2016-05-06 22:27:03', '2016-05-06 22:27:03'),
(72, 59, 'modificar', '2016-05-06 22:27:03', '2016-05-06 22:27:03'),
(73, 60, 'ver', '2016-05-06 22:29:36', '2016-05-06 22:29:36'),
(74, 60, 'crear', '2016-05-06 22:29:36', '2016-05-06 22:29:36'),
(75, 60, 'eliminar', '2016-05-06 22:29:36', '2016-05-06 22:29:36'),
(76, 60, 'modificar', '2016-05-06 22:29:36', '2016-05-06 22:29:36'),
(77, 61, 'ver', '2016-05-06 22:30:48', '2016-05-06 22:30:48'),
(78, 61, 'crear', '2016-05-06 22:30:48', '2016-05-06 22:30:48'),
(79, 61, 'eliminar', '2016-05-06 22:30:48', '2016-05-06 22:30:48'),
(80, 61, 'modificar', '2016-05-06 22:30:48', '2016-05-06 22:30:48'),
(81, 62, 'ver', '2016-05-06 22:31:50', '2016-05-06 22:31:50'),
(82, 62, 'crear', '2016-05-06 22:31:50', '2016-05-06 22:31:50'),
(83, 62, 'eliminar', '2016-05-06 22:31:50', '2016-05-06 22:31:50'),
(84, 62, 'modificar', '2016-05-06 22:31:50', '2016-05-06 22:31:50'),
(85, 63, 'ver', '2016-05-06 22:33:42', '2016-05-06 22:33:42'),
(86, 63, 'crear', '2016-05-06 22:33:42', '2016-05-06 22:33:42'),
(87, 63, 'eliminar', '2016-05-06 22:33:42', '2016-05-06 22:33:42'),
(88, 63, 'modificar', '2016-05-06 22:33:42', '2016-05-06 22:33:42'),
(89, 64, 'ver', '2016-05-06 22:50:52', '2016-05-06 22:50:52'),
(90, 64, 'crear', '2016-05-06 22:50:52', '2016-05-06 22:50:52'),
(91, 64, 'eliminar', '2016-05-06 22:50:52', '2016-05-06 22:50:52'),
(92, 64, 'modificar', '2016-05-06 22:50:52', '2016-05-06 22:50:52'),
(93, 65, 'ver', '2016-05-06 22:51:41', '2016-05-06 22:51:41'),
(94, 65, 'crear', '2016-05-06 22:51:41', '2016-05-06 22:51:41'),
(95, 65, 'eliminar', '2016-05-06 22:51:41', '2016-05-06 22:51:41'),
(96, 65, 'modificar', '2016-05-06 22:51:41', '2016-05-06 22:51:41'),
(97, 66, 'ver', '2016-05-06 22:52:46', '2016-05-06 22:52:46'),
(98, 66, 'crear', '2016-05-06 22:52:46', '2016-05-06 22:52:46'),
(99, 66, 'eliminar', '2016-05-06 22:52:46', '2016-05-06 22:52:46'),
(100, 66, 'modificar', '2016-05-06 22:52:46', '2016-05-06 22:52:46'),
(101, 67, 'ver', '2016-05-06 22:55:31', '2016-05-06 22:55:31'),
(102, 67, 'crear', '2016-05-06 22:55:31', '2016-05-06 22:55:31'),
(103, 67, 'eliminar', '2016-05-06 22:55:31', '2016-05-06 22:55:31'),
(104, 67, 'modificar', '2016-05-06 22:55:31', '2016-05-06 22:55:31'),
(105, 68, 'ver', '2016-05-06 22:57:36', '2016-05-06 22:57:36'),
(106, 68, 'crear', '2016-05-06 22:57:36', '2016-05-06 22:57:36'),
(107, 68, 'eliminar', '2016-05-06 22:57:36', '2016-05-06 22:57:36'),
(108, 68, 'modificar', '2016-05-06 22:57:36', '2016-05-06 22:57:36'),
(109, 69, 'ver', '2016-05-06 22:58:26', '2016-05-06 22:58:26'),
(110, 69, 'crear', '2016-05-06 22:58:26', '2016-05-06 22:58:26'),
(111, 69, 'eliminar', '2016-05-06 22:58:26', '2016-05-06 22:58:26'),
(112, 69, 'modificar', '2016-05-06 22:58:26', '2016-05-06 22:58:26'),
(113, 70, 'ver', '2016-05-06 22:59:18', '2016-05-06 22:59:18'),
(114, 70, 'crear', '2016-05-06 22:59:18', '2016-05-06 22:59:18'),
(115, 70, 'eliminar', '2016-05-06 22:59:18', '2016-05-06 22:59:18'),
(116, 70, 'modificar', '2016-05-06 22:59:18', '2016-05-06 22:59:18'),
(117, 71, 'ver', '2016-05-06 23:03:16', '2016-05-06 23:03:16'),
(118, 71, 'crear', '2016-05-06 23:03:16', '2016-05-06 23:03:16'),
(119, 71, 'eliminar', '2016-05-06 23:03:16', '2016-05-06 23:03:16'),
(120, 71, 'modificar', '2016-05-06 23:03:16', '2016-05-06 23:03:16'),
(121, 72, 'ver', '2016-05-06 23:11:18', '2016-05-06 23:11:18'),
(122, 72, 'crear', '2016-05-06 23:11:18', '2016-05-06 23:11:18'),
(123, 72, 'eliminar', '2016-05-06 23:11:18', '2016-05-06 23:11:18'),
(124, 72, 'modificar', '2016-05-06 23:11:18', '2016-05-06 23:11:18'),
(125, 73, 'ver', '2016-06-06 11:20:44', '2016-06-06 11:20:44'),
(126, 73, 'crear', '2016-06-06 11:20:44', '2016-06-06 11:20:44'),
(127, 73, 'eliminar', '2016-06-06 11:20:44', '2016-06-06 11:20:44'),
(128, 73, 'modificar', '2016-06-06 11:20:44', '2016-06-06 11:20:44'),
(129, 74, 'ver', '2016-06-06 11:21:51', '2016-06-06 11:21:51'),
(130, 74, 'crear', '2016-06-06 11:21:51', '2016-06-06 11:21:51'),
(131, 74, 'eliminar', '2016-06-06 11:21:51', '2016-06-06 11:21:51'),
(132, 74, 'modificar', '2016-06-06 11:21:51', '2016-06-06 11:21:51'),
(133, 75, 'ver', '2016-06-06 11:22:28', '2016-06-06 11:22:28'),
(134, 75, 'crear', '2016-06-06 11:22:28', '2016-06-06 11:22:28'),
(135, 75, 'eliminar', '2016-06-06 11:22:28', '2016-06-06 11:22:28'),
(136, 75, 'modificar', '2016-06-06 11:22:28', '2016-06-06 11:22:28'),
(137, 76, 'ver', '2016-06-06 11:26:27', '2016-06-06 11:26:27'),
(138, 76, 'crear', '2016-06-06 11:26:27', '2016-06-06 11:26:27'),
(139, 76, 'eliminar', '2016-06-06 11:26:27', '2016-06-06 11:26:27'),
(140, 76, 'modificar', '2016-06-06 11:26:27', '2016-06-06 11:26:27'),
(141, 77, 'ver', '2016-06-13 11:50:55', '2016-06-13 11:50:55'),
(142, 77, 'crear', '2016-06-13 11:50:55', '2016-06-13 11:50:55'),
(143, 77, 'eliminar', '2016-06-13 11:50:55', '2016-06-13 11:50:55'),
(144, 77, 'modificar', '2016-06-13 11:50:55', '2016-06-13 11:50:55'),
(145, 78, 'ver', '2016-06-13 11:52:04', '2016-06-13 11:52:04'),
(146, 78, 'crear', '2016-06-13 11:52:04', '2016-06-13 11:52:04'),
(147, 78, 'eliminar', '2016-06-13 11:52:04', '2016-06-13 11:52:04'),
(148, 78, 'modificar', '2016-06-13 11:52:04', '2016-06-13 11:52:04'),
(149, 79, 'ver', '2016-06-13 11:55:55', '2016-06-13 11:55:55'),
(150, 79, 'crear', '2016-06-13 11:55:55', '2016-06-13 11:55:55'),
(151, 79, 'eliminar', '2016-06-13 11:55:55', '2016-06-13 11:55:55'),
(152, 79, 'modificar', '2016-06-13 11:55:55', '2016-06-13 11:55:55'),
(153, 80, 'ver', '2016-06-13 11:56:41', '2016-06-13 11:56:41'),
(154, 80, 'crear', '2016-06-13 11:56:41', '2016-06-13 11:56:41'),
(155, 80, 'eliminar', '2016-06-13 11:56:41', '2016-06-13 11:56:41'),
(156, 80, 'modificar', '2016-06-13 11:56:41', '2016-06-13 11:56:41'),
(157, 81, 'ver', '2016-06-13 11:57:06', '2016-06-13 11:57:06'),
(158, 81, 'crear', '2016-06-13 11:57:06', '2016-06-13 11:57:06'),
(159, 81, 'eliminar', '2016-06-13 11:57:06', '2016-06-13 11:57:06'),
(160, 81, 'modificar', '2016-06-13 11:57:06', '2016-06-13 11:57:06'),
(161, 82, 'ver', '2016-06-13 20:54:05', '2016-06-13 20:54:05'),
(162, 82, 'crear', '2016-06-13 20:54:05', '2016-06-13 20:54:05'),
(163, 82, 'eliminar', '2016-06-13 20:54:05', '2016-06-13 20:54:05'),
(164, 82, 'modificar', '2016-06-13 20:54:05', '2016-06-13 20:54:05'),
(165, 90, 'ver', '2016-06-15 11:44:08', '2016-06-15 11:44:08'),
(166, 90, 'crear', '2016-06-15 11:44:08', '2016-06-15 11:44:08'),
(167, 90, 'eliminar', '2016-06-15 11:44:08', '2016-06-15 11:44:08'),
(168, 90, 'modificar', '2016-06-15 11:44:08', '2016-06-15 11:44:08'),
(169, 91, 'ver', '2016-06-21 13:28:33', '2016-06-21 13:28:33'),
(170, 91, 'crear', '2016-06-21 13:28:33', '2016-06-21 13:28:33'),
(171, 91, 'eliminar', '2016-06-21 13:28:33', '2016-06-21 13:28:33'),
(172, 91, 'modificar', '2016-06-21 13:28:33', '2016-06-21 13:28:33'),
(173, 92, 'ver', '2016-07-07 19:51:31', '2016-07-07 19:51:31'),
(174, 92, 'crear', '2016-07-07 19:51:31', '2016-07-07 19:51:31'),
(175, 92, 'eliminar', '2016-07-07 19:51:31', '2016-07-07 19:51:31'),
(176, 92, 'modificar', '2016-07-07 19:51:31', '2016-07-07 19:51:31'),
(177, 93, 'ver', '2016-07-07 19:52:06', '2016-07-07 19:52:06'),
(178, 93, 'crear', '2016-07-07 19:52:06', '2016-07-07 19:52:06'),
(179, 93, 'eliminar', '2016-07-07 19:52:06', '2016-07-07 19:52:06'),
(180, 93, 'modificar', '2016-07-07 19:52:06', '2016-07-07 19:52:06'),
(181, 94, 'ver', '2016-07-10 22:34:50', '2016-07-10 22:34:50'),
(182, 94, 'crear', '2016-07-10 22:34:50', '2016-07-10 22:34:50'),
(183, 94, 'eliminar', '2016-07-10 22:34:50', '2016-07-10 22:34:50'),
(184, 94, 'modificar', '2016-07-10 22:34:50', '2016-07-10 22:34:50'),
(185, 97, 'ver', '2017-02-03 23:14:17', '2017-02-03 23:14:17'),
(186, 97, 'crear', '2017-02-03 23:14:17', '2017-02-03 23:14:17'),
(187, 97, 'eliminar', '2017-02-03 23:14:17', '2017-02-03 23:14:17'),
(188, 97, 'modificar', '2017-02-03 23:14:17', '2017-02-03 23:14:17'),
(189, 98, 'ver', '2017-02-06 12:47:50', '2017-02-06 12:47:50'),
(190, 98, 'crear', '2017-02-06 12:47:50', '2017-02-06 12:47:50'),
(191, 98, 'eliminar', '2017-02-06 12:47:50', '2017-02-06 12:47:50'),
(192, 98, 'modificar', '2017-02-06 12:47:50', '2017-02-06 12:47:50'),
(193, 99, 'ver', '2017-02-06 12:54:15', '2017-02-06 12:54:15'),
(194, 99, 'crear', '2017-02-06 12:54:15', '2017-02-06 12:54:15'),
(195, 99, 'eliminar', '2017-02-06 12:54:15', '2017-02-06 12:54:15'),
(196, 99, 'modificar', '2017-02-06 12:54:15', '2017-02-06 12:54:15'),
(197, 100, 'ver', '2017-02-06 13:10:13', '2017-02-06 13:10:13'),
(198, 100, 'crear', '2017-02-06 13:10:13', '2017-02-06 13:10:13'),
(199, 100, 'eliminar', '2017-02-06 13:10:13', '2017-02-06 13:10:13'),
(200, 100, 'modificar', '2017-02-06 13:10:13', '2017-02-06 13:10:13'),
(201, 101, 'ver', '2017-02-06 13:12:59', '2017-02-06 13:12:59'),
(202, 101, 'crear', '2017-02-06 13:12:59', '2017-02-06 13:12:59'),
(203, 101, 'eliminar', '2017-02-06 13:12:59', '2017-02-06 13:12:59'),
(204, 101, 'modificar', '2017-02-06 13:12:59', '2017-02-06 13:12:59'),
(205, 102, 'ver', '2017-02-06 13:14:20', '2017-02-06 13:14:20'),
(206, 102, 'crear', '2017-02-06 13:14:20', '2017-02-06 13:14:20'),
(207, 102, 'eliminar', '2017-02-06 13:14:20', '2017-02-06 13:14:20'),
(208, 102, 'modificar', '2017-02-06 13:14:20', '2017-02-06 13:14:20'),
(209, 103, 'ver', '2017-02-06 13:14:58', '2017-02-06 13:14:58'),
(210, 103, 'crear', '2017-02-06 13:14:58', '2017-02-06 13:14:58'),
(211, 103, 'eliminar', '2017-02-06 13:14:58', '2017-02-06 13:14:58'),
(212, 103, 'modificar', '2017-02-06 13:14:58', '2017-02-06 13:14:58'),
(213, 104, 'ver', '2017-02-06 13:15:57', '2017-02-06 13:15:57'),
(214, 104, 'crear', '2017-02-06 13:15:57', '2017-02-06 13:15:57'),
(215, 104, 'eliminar', '2017-02-06 13:15:57', '2017-02-06 13:15:57'),
(216, 104, 'modificar', '2017-02-06 13:15:57', '2017-02-06 13:15:57'),
(217, 105, 'ver', '2017-02-06 13:16:38', '2017-02-06 13:16:38'),
(218, 105, 'crear', '2017-02-06 13:16:38', '2017-02-06 13:16:38'),
(219, 105, 'eliminar', '2017-02-06 13:16:38', '2017-02-06 13:16:38'),
(220, 105, 'modificar', '2017-02-06 13:16:38', '2017-02-06 13:16:38'),
(221, 106, 'ver', '2017-02-06 13:18:40', '2017-02-06 13:18:40'),
(222, 106, 'crear', '2017-02-06 13:18:40', '2017-02-06 13:18:40'),
(223, 106, 'eliminar', '2017-02-06 13:18:40', '2017-02-06 13:18:40'),
(224, 106, 'modificar', '2017-02-06 13:18:40', '2017-02-06 13:18:40'),
(225, 107, 'ver', '2017-02-06 13:19:31', '2017-02-06 13:19:31'),
(226, 107, 'crear', '2017-02-06 13:19:31', '2017-02-06 13:19:31'),
(227, 107, 'eliminar', '2017-02-06 13:19:31', '2017-02-06 13:19:31'),
(228, 107, 'modificar', '2017-02-06 13:19:31', '2017-02-06 13:19:31'),
(229, 108, 'ver', '2017-02-06 13:23:58', '2017-02-06 13:23:58'),
(230, 108, 'crear', '2017-02-06 13:23:58', '2017-02-06 13:23:58'),
(231, 108, 'eliminar', '2017-02-06 13:23:58', '2017-02-06 13:23:58'),
(232, 108, 'modificar', '2017-02-06 13:23:58', '2017-02-06 13:23:58'),
(233, 109, 'ver', '2017-02-06 13:24:53', '2017-02-06 13:24:53'),
(234, 109, 'crear', '2017-02-06 13:24:53', '2017-02-06 13:24:53'),
(235, 109, 'eliminar', '2017-02-06 13:24:53', '2017-02-06 13:24:53'),
(236, 109, 'modificar', '2017-02-06 13:24:53', '2017-02-06 13:24:53'),
(237, 110, 'ver', '2017-02-06 13:25:19', '2017-02-06 13:25:19'),
(238, 110, 'crear', '2017-02-06 13:25:19', '2017-02-06 13:25:19'),
(239, 110, 'eliminar', '2017-02-06 13:25:19', '2017-02-06 13:25:19'),
(240, 110, 'modificar', '2017-02-06 13:25:19', '2017-02-06 13:25:19'),
(241, 111, 'ver', '2017-02-06 13:31:00', '2017-02-06 13:31:00'),
(242, 111, 'crear', '2017-02-06 13:31:00', '2017-02-06 13:31:00'),
(243, 111, 'eliminar', '2017-02-06 13:31:00', '2017-02-06 13:31:00'),
(244, 111, 'modificar', '2017-02-06 13:31:00', '2017-02-06 13:31:00'),
(245, 112, 'ver', '2017-02-06 13:33:38', '2017-02-06 13:33:38'),
(246, 112, 'crear', '2017-02-06 13:33:38', '2017-02-06 13:33:38'),
(247, 112, 'eliminar', '2017-02-06 13:33:38', '2017-02-06 13:33:38'),
(248, 112, 'modificar', '2017-02-06 13:33:38', '2017-02-06 13:33:38'),
(249, 113, 'ver', '2017-02-06 13:34:43', '2017-02-06 13:34:43'),
(250, 113, 'crear', '2017-02-06 13:34:43', '2017-02-06 13:34:43'),
(251, 113, 'eliminar', '2017-02-06 13:34:43', '2017-02-06 13:34:43'),
(252, 113, 'modificar', '2017-02-06 13:34:43', '2017-02-06 13:34:43'),
(253, 114, 'ver', '2017-02-06 13:36:09', '2017-02-06 13:36:09'),
(254, 114, 'crear', '2017-02-06 13:36:09', '2017-02-06 13:36:09'),
(255, 114, 'eliminar', '2017-02-06 13:36:09', '2017-02-06 13:36:09'),
(256, 114, 'modificar', '2017-02-06 13:36:09', '2017-02-06 13:36:09'),
(257, 115, 'ver', '2017-02-06 13:36:58', '2017-02-06 13:36:58'),
(258, 115, 'crear', '2017-02-06 13:36:58', '2017-02-06 13:36:58'),
(259, 115, 'eliminar', '2017-02-06 13:36:58', '2017-02-06 13:36:58'),
(260, 115, 'modificar', '2017-02-06 13:36:58', '2017-02-06 13:36:58'),
(261, 116, 'ver', '2017-02-06 13:37:37', '2017-02-06 13:37:37'),
(262, 116, 'crear', '2017-02-06 13:37:37', '2017-02-06 13:37:37'),
(263, 116, 'eliminar', '2017-02-06 13:37:37', '2017-02-06 13:37:37'),
(264, 116, 'modificar', '2017-02-06 13:37:37', '2017-02-06 13:37:37'),
(265, 117, 'ver', '2017-02-06 13:40:36', '2017-02-06 13:40:36'),
(266, 117, 'crear', '2017-02-06 13:40:36', '2017-02-06 13:40:36'),
(267, 117, 'eliminar', '2017-02-06 13:40:36', '2017-02-06 13:40:36'),
(268, 117, 'modificar', '2017-02-06 13:40:36', '2017-02-06 13:40:36'),
(269, 118, 'ver', '2017-02-06 13:42:20', '2017-02-06 13:42:20'),
(270, 118, 'crear', '2017-02-06 13:42:20', '2017-02-06 13:42:20'),
(271, 118, 'eliminar', '2017-02-06 13:42:20', '2017-02-06 13:42:20'),
(272, 118, 'modificar', '2017-02-06 13:42:20', '2017-02-06 13:42:20'),
(273, 119, 'ver', '2017-02-06 19:08:56', '2017-02-06 19:08:56'),
(274, 119, 'crear', '2017-02-06 19:08:56', '2017-02-06 19:08:56'),
(275, 119, 'eliminar', '2017-02-06 19:08:56', '2017-02-06 19:08:56'),
(276, 119, 'modificar', '2017-02-06 19:08:56', '2017-02-06 19:08:56'),
(277, 120, 'ver', '2017-02-06 19:09:37', '2017-02-06 19:09:37'),
(278, 120, 'crear', '2017-02-06 19:09:37', '2017-02-06 19:09:37'),
(279, 120, 'eliminar', '2017-02-06 19:09:37', '2017-02-06 19:09:37'),
(280, 120, 'modificar', '2017-02-06 19:09:37', '2017-02-06 19:09:37'),
(281, 121, 'ver', '2017-02-06 19:11:50', '2017-02-06 19:11:50'),
(282, 121, 'crear', '2017-02-06 19:11:50', '2017-02-06 19:11:50'),
(283, 121, 'eliminar', '2017-02-06 19:11:50', '2017-02-06 19:11:50'),
(284, 121, 'modificar', '2017-02-06 19:11:50', '2017-02-06 19:11:50'),
(285, 122, 'ver', '2017-02-06 19:12:24', '2017-02-06 19:12:24'),
(286, 122, 'crear', '2017-02-06 19:12:24', '2017-02-06 19:12:24'),
(287, 122, 'eliminar', '2017-02-06 19:12:24', '2017-02-06 19:12:24'),
(288, 122, 'modificar', '2017-02-06 19:12:24', '2017-02-06 19:12:24'),
(289, 123, 'ver', '2017-02-06 19:14:31', '2017-02-06 19:14:31'),
(290, 123, 'crear', '2017-02-06 19:14:31', '2017-02-06 19:14:31'),
(291, 123, 'eliminar', '2017-02-06 19:14:31', '2017-02-06 19:14:31'),
(292, 123, 'modificar', '2017-02-06 19:14:31', '2017-02-06 19:14:31'),
(293, 124, 'ver', '2017-02-06 19:15:05', '2017-02-06 19:15:05'),
(294, 124, 'crear', '2017-02-06 19:15:05', '2017-02-06 19:15:05'),
(295, 124, 'eliminar', '2017-02-06 19:15:05', '2017-02-06 19:15:05'),
(296, 124, 'modificar', '2017-02-06 19:15:05', '2017-02-06 19:15:05'),
(297, 125, 'ver', '2017-02-06 19:15:48', '2017-02-06 19:15:48'),
(298, 125, 'crear', '2017-02-06 19:15:48', '2017-02-06 19:15:48'),
(299, 125, 'eliminar', '2017-02-06 19:15:48', '2017-02-06 19:15:48'),
(300, 125, 'modificar', '2017-02-06 19:15:48', '2017-02-06 19:15:48'),
(301, 126, 'ver', '2017-02-06 19:16:37', '2017-02-06 19:16:37'),
(302, 126, 'crear', '2017-02-06 19:16:37', '2017-02-06 19:16:37'),
(303, 126, 'eliminar', '2017-02-06 19:16:37', '2017-02-06 19:16:37'),
(304, 126, 'modificar', '2017-02-06 19:16:37', '2017-02-06 19:16:37'),
(305, 127, 'ver', '2017-02-07 10:14:02', '2017-02-07 10:14:02'),
(306, 127, 'crear', '2017-02-07 10:14:02', '2017-02-07 10:14:02'),
(307, 127, 'eliminar', '2017-02-07 10:14:02', '2017-02-07 10:14:02'),
(308, 127, 'modificar', '2017-02-07 10:14:02', '2017-02-07 10:14:02'),
(309, 128, 'ver', '2017-02-07 10:15:23', '2017-02-07 10:15:23'),
(310, 128, 'crear', '2017-02-07 10:15:23', '2017-02-07 10:15:23'),
(311, 128, 'eliminar', '2017-02-07 10:15:23', '2017-02-07 10:15:23'),
(312, 128, 'modificar', '2017-02-07 10:15:23', '2017-02-07 10:15:23'),
(313, 129, 'ver', '2017-02-07 10:21:17', '2017-02-07 10:21:17'),
(314, 129, 'crear', '2017-02-07 10:21:17', '2017-02-07 10:21:17'),
(315, 129, 'eliminar', '2017-02-07 10:21:17', '2017-02-07 10:21:17'),
(316, 129, 'modificar', '2017-02-07 10:21:17', '2017-02-07 10:21:17'),
(317, 130, 'ver', '2017-02-07 10:21:52', '2017-02-07 10:21:52'),
(318, 130, 'crear', '2017-02-07 10:21:52', '2017-02-07 10:21:52'),
(319, 130, 'eliminar', '2017-02-07 10:21:52', '2017-02-07 10:21:52'),
(320, 130, 'modificar', '2017-02-07 10:21:52', '2017-02-07 10:21:52'),
(321, 131, 'ver', '2017-02-07 10:23:43', '2017-02-07 10:23:43'),
(322, 131, 'crear', '2017-02-07 10:23:43', '2017-02-07 10:23:43'),
(323, 131, 'eliminar', '2017-02-07 10:23:43', '2017-02-07 10:23:43'),
(324, 131, 'modificar', '2017-02-07 10:23:43', '2017-02-07 10:23:43'),
(325, 132, 'ver', '2017-03-22 16:46:31', '2017-03-22 16:46:31'),
(326, 132, 'crear', '2017-03-22 16:46:31', '2017-03-22 16:46:31'),
(327, 132, 'eliminar', '2017-03-22 16:46:31', '2017-03-22 16:46:31'),
(328, 132, 'modificar', '2017-03-22 16:46:31', '2017-03-22 16:46:31'),
(329, 133, 'ver', '2017-03-24 16:37:04', '2017-03-24 16:37:04'),
(330, 133, 'crear', '2017-03-24 16:37:04', '2017-03-24 16:37:04'),
(331, 133, 'eliminar', '2017-03-24 16:37:04', '2017-03-24 16:37:04'),
(332, 133, 'modificar', '2017-03-24 16:37:05', '2017-03-24 16:37:05'),
(333, 134, 'ver', '2017-04-05 14:07:29', '2017-04-05 14:07:29'),
(334, 134, 'crear', '2017-04-05 14:07:29', '2017-04-05 14:07:29'),
(335, 134, 'eliminar', '2017-04-05 14:07:29', '2017-04-05 14:07:29'),
(336, 134, 'modificar', '2017-04-05 14:07:29', '2017-04-05 14:07:29'),
(337, 135, 'ver', '2017-05-02 18:42:08', '2017-05-02 18:42:08'),
(338, 135, 'crear', '2017-05-02 18:42:08', '2017-05-02 18:42:08'),
(339, 135, 'eliminar', '2017-05-02 18:42:08', '2017-05-02 18:42:08'),
(340, 135, 'modificar', '2017-05-02 18:42:08', '2017-05-02 18:42:08'),
(341, 136, 'ver', '2017-05-03 12:22:48', '2017-05-03 12:22:48'),
(342, 136, 'crear', '2017-05-03 12:22:48', '2017-05-03 12:22:48'),
(343, 136, 'eliminar', '2017-05-03 12:22:48', '2017-05-03 12:22:48'),
(344, 136, 'modificar', '2017-05-03 12:22:48', '2017-05-03 12:22:48'),
(345, 137, 'ver', '2017-05-05 15:49:20', '2017-05-05 15:49:20'),
(346, 137, 'crear', '2017-05-05 15:49:20', '2017-05-05 15:49:20'),
(347, 137, 'eliminar', '2017-05-05 15:49:20', '2017-05-05 15:49:20'),
(348, 137, 'modificar', '2017-05-05 15:49:20', '2017-05-05 15:49:20'),
(349, 138, 'ver', '2017-05-05 15:51:00', '2017-05-05 15:51:00'),
(350, 138, 'crear', '2017-05-05 15:51:00', '2017-05-05 15:51:00'),
(351, 138, 'eliminar', '2017-05-05 15:51:00', '2017-05-05 15:51:00'),
(352, 138, 'modificar', '2017-05-05 15:51:00', '2017-05-05 15:51:00'),
(353, 139, 'ver', '2017-05-10 15:42:53', '2017-05-10 15:42:53'),
(354, 139, 'crear', '2017-05-10 15:42:53', '2017-05-10 15:42:53'),
(355, 139, 'eliminar', '2017-05-10 15:42:53', '2017-05-10 15:42:53'),
(356, 139, 'modificar', '2017-05-10 15:42:53', '2017-05-10 15:42:53'),
(357, 140, 'ver', '2017-08-02 21:38:42', '2017-08-02 21:38:42'),
(358, 140, 'crear', '2017-08-02 21:38:42', '2017-08-02 21:38:42'),
(359, 140, 'eliminar', '2017-08-02 21:38:42', '2017-08-02 21:38:42'),
(360, 140, 'modificar', '2017-08-02 21:38:42', '2017-08-02 21:38:42'),
(361, 141, 'ver', '2017-08-16 08:44:25', '2017-08-16 08:44:25'),
(362, 141, 'crear', '2017-08-16 08:44:25', '2017-08-16 08:44:25'),
(363, 141, 'eliminar', '2017-08-16 08:44:25', '2017-08-16 08:44:25'),
(364, 141, 'modificar', '2017-08-16 08:44:25', '2017-08-16 08:44:25'),
(365, 142, 'ver', '2017-08-22 10:17:46', '2017-08-22 10:17:46'),
(366, 142, 'crear', '2017-08-22 10:17:46', '2017-08-22 10:17:46'),
(367, 142, 'eliminar', '2017-08-22 10:17:46', '2017-08-22 10:17:46'),
(368, 142, 'modificar', '2017-08-22 10:17:46', '2017-08-22 10:17:46'),
(369, 143, 'ver', '2017-08-25 13:07:29', '2017-08-25 13:07:29'),
(370, 143, 'crear', '2017-08-25 13:07:29', '2017-08-25 13:07:29'),
(371, 143, 'eliminar', '2017-08-25 13:07:29', '2017-08-25 13:07:29'),
(372, 143, 'modificar', '2017-08-25 13:07:29', '2017-08-25 13:07:29'),
(373, 144, 'ver', '2017-10-02 10:07:54', '2017-10-02 10:07:54'),
(374, 144, 'crear', '2017-10-02 10:07:54', '2017-10-02 10:07:54'),
(375, 144, 'eliminar', '2017-10-02 10:07:54', '2017-10-02 10:07:54'),
(376, 144, 'modificar', '2017-10-02 10:07:54', '2017-10-02 10:07:54'),
(377, 145, 'ver', '2017-10-24 16:47:54', '2017-10-24 16:47:54'),
(378, 145, 'crear', '2017-10-24 16:47:54', '2017-10-24 16:47:54'),
(379, 145, 'eliminar', '2017-10-24 16:47:54', '2017-10-24 16:47:54'),
(380, 145, 'modificar', '2017-10-24 16:47:54', '2017-10-24 16:47:54'),
(381, 146, 'ver', '2017-10-26 13:18:48', '2017-10-26 13:18:48'),
(382, 146, 'crear', '2017-10-26 13:18:48', '2017-10-26 13:18:48'),
(383, 146, 'eliminar', '2017-10-26 13:18:48', '2017-10-26 13:18:48'),
(384, 146, 'modificar', '2017-10-26 13:18:48', '2017-10-26 13:18:48'),
(385, 147, 'ver', '2017-10-26 16:12:05', '2017-10-26 16:12:05'),
(386, 147, 'crear', '2017-10-26 16:12:05', '2017-10-26 16:12:05'),
(387, 147, 'eliminar', '2017-10-26 16:12:05', '2017-10-26 16:12:05'),
(388, 147, 'modificar', '2017-10-26 16:12:05', '2017-10-26 16:12:05'),
(389, 148, 'ver', '2017-10-26 17:33:16', '2017-10-26 17:33:16'),
(390, 148, 'crear', '2017-10-26 17:33:16', '2017-10-26 17:33:16'),
(391, 148, 'eliminar', '2017-10-26 17:33:16', '2017-10-26 17:33:16'),
(392, 148, 'modificar', '2017-10-26 17:33:16', '2017-10-26 17:33:16'),
(393, 149, 'ver', '2017-10-31 10:02:47', '2017-10-31 10:02:47'),
(394, 149, 'crear', '2017-10-31 10:02:47', '2017-10-31 10:02:47'),
(395, 149, 'eliminar', '2017-10-31 10:02:47', '2017-10-31 10:02:47'),
(396, 149, 'modificar', '2017-10-31 10:02:47', '2017-10-31 10:02:47'),
(397, 150, 'ver', '2017-11-14 11:55:13', '2017-11-14 11:55:13'),
(398, 150, 'crear', '2017-11-14 11:55:13', '2017-11-14 11:55:13'),
(399, 150, 'eliminar', '2017-11-14 11:55:13', '2017-11-14 11:55:13'),
(400, 150, 'modificar', '2017-11-14 11:55:13', '2017-11-14 11:55:13'),
(401, 151, 'ver', '2017-11-14 17:00:09', '2017-11-14 17:00:09'),
(402, 151, 'crear', '2017-11-14 17:00:09', '2017-11-14 17:00:09'),
(403, 151, 'eliminar', '2017-11-14 17:00:09', '2017-11-14 17:00:09'),
(404, 151, 'modificar', '2017-11-14 17:00:09', '2017-11-14 17:00:09'),
(405, 152, 'ver', '2017-11-14 17:01:46', '2017-11-14 17:01:46'),
(406, 152, 'crear', '2017-11-14 17:01:46', '2017-11-14 17:01:46'),
(407, 152, 'eliminar', '2017-11-14 17:01:46', '2017-11-14 17:01:46'),
(408, 152, 'modificar', '2017-11-14 17:01:46', '2017-11-14 17:01:46'),
(409, 153, 'ver', '2017-11-14 17:02:58', '2017-11-14 17:02:58'),
(410, 153, 'crear', '2017-11-14 17:02:58', '2017-11-14 17:02:58'),
(411, 153, 'eliminar', '2017-11-14 17:02:58', '2017-11-14 17:02:58'),
(412, 153, 'modificar', '2017-11-14 17:02:58', '2017-11-14 17:02:58'),
(413, 154, 'ver', '2017-11-14 17:03:42', '2017-11-14 17:03:42'),
(414, 154, 'crear', '2017-11-14 17:03:42', '2017-11-14 17:03:42'),
(415, 154, 'eliminar', '2017-11-14 17:03:42', '2017-11-14 17:03:42'),
(416, 154, 'modificar', '2017-11-14 17:03:42', '2017-11-14 17:03:42'),
(417, 155, 'ver', '2017-11-14 17:05:58', '2017-11-14 17:05:58'),
(418, 155, 'crear', '2017-11-14 17:05:58', '2017-11-14 17:05:58'),
(419, 155, 'eliminar', '2017-11-14 17:05:58', '2017-11-14 17:05:58'),
(420, 155, 'modificar', '2017-11-14 17:05:58', '2017-11-14 17:05:58'),
(421, 156, 'ver', '2017-12-04 13:03:35', '2017-12-04 13:03:35'),
(422, 156, 'crear', '2017-12-04 13:03:35', '2017-12-04 13:03:35'),
(423, 156, 'eliminar', '2017-12-04 13:03:35', '2017-12-04 13:03:35'),
(424, 156, 'modificar', '2017-12-04 13:03:35', '2017-12-04 13:03:35'),
(425, 157, 'ver', '2017-12-26 09:46:32', '2017-12-26 09:46:32'),
(426, 157, 'crear', '2017-12-26 09:46:32', '2017-12-26 09:46:32'),
(427, 157, 'eliminar', '2017-12-26 09:46:32', '2017-12-26 09:46:32'),
(428, 157, 'modificar', '2017-12-26 09:46:32', '2017-12-26 09:46:32'),
(429, 158, 'ver', '2018-02-26 16:06:34', '2018-02-26 16:06:34'),
(430, 158, 'crear', '2018-02-26 16:06:34', '2018-02-26 16:06:34'),
(431, 158, 'eliminar', '2018-02-26 16:06:34', '2018-02-26 16:06:34'),
(432, 158, 'modificar', '2018-02-26 16:06:34', '2018-02-26 16:06:34'),
(433, 159, 'ver', '2018-04-04 13:03:34', '2018-04-04 13:03:34'),
(434, 159, 'crear', '2018-04-04 13:03:34', '2018-04-04 13:03:34'),
(435, 159, 'eliminar', '2018-04-04 13:03:34', '2018-04-04 13:03:34'),
(436, 159, 'modificar', '2018-04-04 13:03:34', '2018-04-04 13:03:34'),
(437, 160, 'ver', '2018-05-02 14:42:21', '2018-05-02 14:42:21'),
(438, 160, 'crear', '2018-05-02 14:42:21', '2018-05-02 14:42:21'),
(439, 160, 'eliminar', '2018-05-02 14:42:21', '2018-05-02 14:42:21'),
(440, 160, 'modificar', '2018-05-02 14:42:21', '2018-05-02 14:42:21'),
(441, 161, 'ver', '2018-05-07 16:18:29', '2018-05-07 16:18:29'),
(442, 161, 'crear', '2018-05-07 16:18:29', '2018-05-07 16:18:29'),
(443, 161, 'eliminar', '2018-05-07 16:18:29', '2018-05-07 16:18:29'),
(444, 161, 'modificar', '2018-05-07 16:18:29', '2018-05-07 16:18:29'),
(445, 162, 'ver', '2018-05-07 16:30:03', '2018-05-07 16:30:03'),
(446, 162, 'crear', '2018-05-07 16:30:03', '2018-05-07 16:30:03'),
(447, 162, 'eliminar', '2018-05-07 16:30:03', '2018-05-07 16:30:03'),
(448, 162, 'modificar', '2018-05-07 16:30:04', '2018-05-07 16:30:04'),
(449, 163, 'ver', '2018-05-07 16:52:57', '2018-05-07 16:52:57'),
(450, 163, 'crear', '2018-05-07 16:52:57', '2018-05-07 16:52:57'),
(451, 163, 'eliminar', '2018-05-07 16:52:57', '2018-05-07 16:52:57'),
(452, 163, 'modificar', '2018-05-07 16:52:57', '2018-05-07 16:52:57'),
(453, 164, 'ver', '2018-05-17 12:08:48', '2018-05-17 12:08:48'),
(454, 164, 'crear', '2018-05-17 12:08:48', '2018-05-17 12:08:48'),
(455, 164, 'eliminar', '2018-05-17 12:08:48', '2018-05-17 12:08:48'),
(456, 164, 'modificar', '2018-05-17 12:08:48', '2018-05-17 12:08:48');


-- --------------------------------------------------------

--
-- Estructura de tabla para la tabla `migrations`
--

CREATE TABLE IF NOT EXISTS `migrations` (
  `migration` varchar(255) COLLATE utf8_unicode_ci NOT NULL,
  `batch` int(11) NOT NULL
) ENGINE=MyISAM DEFAULT CHARSET=utf8 COLLATE=utf8_unicode_ci;

-- --------------------------------------------------------

--
-- Estructura de tabla para la tabla `perfiles`
--

CREATE TABLE IF NOT EXISTS `perfiles` (
  `id` int(10) unsigned NOT NULL AUTO_INCREMENT,
  `sid` varchar(50) COLLATE utf8_unicode_ci NOT NULL,
  `departamento_id` int(10) NOT NULL DEFAULT '1',
  `perfil` varchar(50) COLLATE utf8_unicode_ci NOT NULL,
  `descripcion` text COLLATE utf8_unicode_ci,
  `updated_at` datetime NOT NULL,
  `created_at` datetime NOT NULL,
  PRIMARY KEY (`id`),
  UNIQUE KEY `perfiles_perfil_unique` (`perfil`),
  UNIQUE KEY `sid` (`sid`)
) ENGINE=MyISAM  DEFAULT CHARSET=utf8 COLLATE=utf8_unicode_ci AUTO_INCREMENT=3 ;

--
-- Volcado de datos para la tabla `perfiles`
--

INSERT INTO `perfiles` (`id`, `sid`, `departamento_id`, `perfil`, `descripcion`, `updated_at`, `created_at`) VALUES
(1, 'F20160617124021VIN3884', 1, 'Usuario Principal', 'Usuario Principal del Sistema', '2017-05-25 18:35:29', '2016-06-17 12:40:21'),
(2, 'F20728617124021VIN7024', 1, 'Empleado', 'Empleado de la Empresa', '2017-05-25 18:35:29', '2016-06-17 12:40:21');

-- --------------------------------------------------------

--
-- Estructura de tabla para la tabla `perfiles_detalles`
--

CREATE TABLE IF NOT EXISTS `perfiles_detalles` (
  `id` int(10) unsigned NOT NULL AUTO_INCREMENT,
  `tipo_acceso` tinyint(4) NOT NULL,
  `perfil_id` int(10) unsigned NOT NULL,
  `menu_id` int(10) unsigned NOT NULL,
  `empresa_id` int(10) NOT NULL,
  `crear` tinyint(1) DEFAULT NULL,
  `editar` tinyint(1) DEFAULT NULL,
  `ver` tinyint(1) DEFAULT NULL,
  `eliminar` tinyint(1) DEFAULT NULL,
  `created_at` timestamp NOT NULL DEFAULT '0000-00-00 00:00:00',
  `updated_at` timestamp NOT NULL DEFAULT '0000-00-00 00:00:00',
  PRIMARY KEY (`id`)
) ENGINE=MyISAM  DEFAULT CHARSET=utf8 COLLATE=utf8_unicode_ci AUTO_INCREMENT=873 ;

--
-- Volcado de datos para la tabla `perfiles_detalles`
--

INSERT INTO `perfiles_detalles` (`id`, `tipo_acceso`, `perfil_id`, `menu_id`, `empresa_id`, `crear`, `editar`, `ver`, `eliminar`, `created_at`, `updated_at`) VALUES
(871, 1, 1, 138, 100000, 1, 1, 1, 1, '2017-12-05 19:56:21', '2017-12-05 19:56:21'),
(870, 1, 1, 116, 100000, 1, 1, 1, 1, '2017-12-05 19:56:21', '2017-12-05 19:56:21'),
(869, 1, 1, 115, 100000, 1, 1, 1, 1, '2017-12-05 19:56:21', '2017-12-05 19:56:21'),
(761, 1, 2, 145, 100000, NULL, NULL, 1, NULL, '2017-11-13 20:27:07', '2017-11-13 20:27:07'),
(868, 1, 1, 140, 100000, 1, 1, 1, 1, '2017-12-05 19:56:21', '2017-12-05 19:56:21'),
(867, 1, 1, 147, 100000, 1, 1, 1, 1, '2017-12-05 19:56:21', '2017-12-05 19:56:21'),
(866, 1, 1, 97, 100000, 1, 1, 1, 1, '2017-12-05 19:56:21', '2017-12-05 19:56:21'),
(865, 1, 1, 133, 100000, 1, 1, 1, 1, '2017-12-05 19:56:21', '2017-12-05 19:56:21'),
(864, 1, 1, 132, 100000, 1, 1, 1, 1, '2017-12-05 19:56:21', '2017-12-05 19:56:21'),
(863, 1, 1, 142, 100000, 1, 1, 1, 1, '2017-12-05 19:56:21', '2017-12-05 19:56:21'),
(862, 1, 1, 141, 100000, 1, 1, 1, 1, '2017-12-05 19:56:21', '2017-12-05 19:56:21'),
(861, 1, 1, 149, 100000, 1, 1, 1, 1, '2017-12-05 19:56:21', '2017-12-05 19:56:21'),
(860, 1, 1, 148, 100000, 1, 1, 1, 1, '2017-12-05 19:56:21', '2017-12-05 19:56:21'),
(859, 1, 1, 130, 100000, 1, 1, 1, 1, '2017-12-05 19:56:21', '2017-12-05 19:56:21'),
(858, 1, 1, 129, 100000, 1, 1, 1, 1, '2017-12-05 19:56:21', '2017-12-05 19:56:21'),
(857, 1, 1, 139, 100000, 1, 1, 1, 1, '2017-12-05 19:56:21', '2017-12-05 19:56:21'),
(856, 1, 1, 146, 100000, 1, 1, 1, 1, '2017-12-05 19:56:21', '2017-12-05 19:56:21'),
(855, 1, 1, 114, 100000, 1, 1, 1, 1, '2017-12-05 19:56:21', '2017-12-05 19:56:21'),
(854, 1, 1, 117, 100000, 1, 1, 1, 1, '2017-12-05 19:56:21', '2017-12-05 19:56:21'),
(853, 1, 1, 137, 100000, 1, 1, 1, 1, '2017-12-05 19:56:21', '2017-12-05 19:56:21'),
(852, 1, 1, 134, 100000, 1, 1, 1, 1, '2017-12-05 19:56:21', '2017-12-05 19:56:21'),
(851, 1, 1, 150, 100000, 1, 1, 1, 1, '2017-12-05 19:56:21', '2017-12-05 19:56:21'),
(850, 1, 1, 1, 100000, 1, 1, 1, 1, '2017-12-05 19:56:21', '2017-12-05 19:56:21'),
(849, 1, 1, 104, 100000, 1, 1, 1, 1, '2017-12-05 19:56:21', '2017-12-05 19:56:21'),
(848, 1, 1, 103, 100000, 1, 1, 1, 1, '2017-12-05 19:56:21', '2017-12-05 19:56:21'),
(847, 1, 1, 106, 100000, 1, 1, 1, 1, '2017-12-05 19:56:21', '2017-12-05 19:56:21'),
(846, 1, 1, 101, 100000, 1, 1, 1, 1, '2017-12-05 19:56:21', '2017-12-05 19:56:21'),
(845, 1, 1, 102, 100000, 1, 1, 1, 1, '2017-12-05 19:56:21', '2017-12-05 19:56:21'),
(844, 1, 1, 125, 100000, 1, 1, 1, 1, '2017-12-05 19:56:21', '2017-12-05 19:56:21'),
(843, 1, 1, 136, 100000, 1, 1, 1, 1, '2017-12-05 19:56:21', '2017-12-05 19:56:21'),
(842, 1, 1, 105, 100000, 1, 1, 1, 1, '2017-12-05 19:56:21', '2017-12-05 19:56:21'),
(841, 1, 1, 100, 100000, 1, 1, 1, 1, '2017-12-05 19:56:21', '2017-12-05 19:56:21'),
(840, 1, 1, 135, 100000, 1, 1, 1, 1, '2017-12-05 19:56:21', '2017-12-05 19:56:21'),
(839, 1, 1, 143, 100000, 1, 1, 1, 1, '2017-12-05 19:56:21', '2017-12-05 19:56:21'),
(838, 1, 1, 124, 100000, 1, 1, 1, 1, '2017-12-05 19:56:21', '2017-12-05 19:56:21'),
(837, 1, 1, 122, 100000, 1, 1, 1, 1, '2017-12-05 19:56:21', '2017-12-05 19:56:21'),
(836, 1, 1, 119, 100000, 1, 1, 1, 1, '2017-12-05 19:56:21', '2017-12-05 19:56:21'),
(835, 1, 1, 120, 100000, 1, 1, 1, 1, '2017-12-05 19:56:21', '2017-12-05 19:56:21'),
(834, 1, 1, 121, 100000, 1, 1, 1, 1, '2017-12-05 19:56:21', '2017-12-05 19:56:21'),
(833, 1, 1, 123, 100000, 1, 1, 1, 1, '2017-12-05 19:56:21', '2017-12-05 19:56:21'),
(832, 1, 1, 127, 100000, 1, 1, 1, 1, '2017-12-05 19:56:21', '2017-12-05 19:56:21'),
(831, 1, 1, 126, 100000, 1, 1, 1, 1, '2017-12-05 19:56:21', '2017-12-05 19:56:21'),
(830, 1, 1, 98, 100000, 1, 1, 1, 1, '2017-12-05 19:56:21', '2017-12-05 19:56:21'),
(829, 1, 1, 108, 100000, 1, 1, 1, 1, '2017-12-05 19:56:21', '2017-12-05 19:56:21'),
(828, 1, 1, 107, 100000, 1, 1, 1, 1, '2017-12-05 19:56:21', '2017-12-05 19:56:21'),
(827, 1, 1, 109, 100000, 1, 1, 1, 1, '2017-12-05 19:56:21', '2017-12-05 19:56:21'),
(826, 1, 1, 110, 100000, 1, 1, 1, 1, '2017-12-05 19:56:21', '2017-12-05 19:56:21'),
(825, 1, 1, 144, 100000, 1, 1, 1, 1, '2017-12-05 19:56:21', '2017-12-05 19:56:21'),
(824, 1, 1, 99, 100000, 1, 1, 1, 1, '2017-12-05 19:56:21', '2017-12-05 19:56:21'),
(823, 1, 1, 113, 100000, 1, 1, 1, 1, '2017-12-05 19:56:21', '2017-12-05 19:56:21'),
(822, 1, 1, 131, 100000, 1, 1, 1, 1, '2017-12-05 19:56:21', '2017-12-05 19:56:21'),
(821, 1, 1, 118, 100000, 1, 1, 1, 1, '2017-12-05 19:56:21', '2017-12-05 19:56:21'),
(820, 1, 1, 128, 100000, 1, 1, 1, 1, '2017-12-05 19:56:21', '2017-12-05 19:56:21'),
(819, 1, 1, 112, 100000, 1, 1, 1, 1, '2017-12-05 19:56:21', '2017-12-05 19:56:21'),
(818, 1, 1, 111, 100000, 1, 1, 1, 1, '2017-12-05 19:56:21', '2017-12-05 19:56:21'),
(817, 1, 1, 31, 100000, 1, 1, 1, 1, '2017-12-05 19:56:20', '2017-12-05 19:56:20'),
(872, 1, 1, 156, 100000, 1, 1, 1, 1, '2017-12-05 19:56:21', '2017-12-05 19:56:21');

-- --------------------------------------------------------

--
-- Estructura de tabla para la tabla `plantillas_cartas_notificacion`
--

CREATE TABLE IF NOT EXISTS `plantillas_cartas_notificacion` (
  `id` int(11) NOT NULL AUTO_INCREMENT,
  `sid` varchar(50) NOT NULL,
  `nombre` varchar(255) NOT NULL,
  `cuerpo` longtext NOT NULL,
  `created_at` datetime NOT NULL,
  `updated_at` datetime NOT NULL,
  `deleted_at` datetime DEFAULT NULL,
  PRIMARY KEY (`id`)
) ENGINE=MyISAM  DEFAULT CHARSET=latin1 AUTO_INCREMENT=3 ;

--
-- Volcado de datos para la tabla `plantillas_cartas_notificacion`
--

INSERT INTO `plantillas_cartas_notificacion` (`id`, `sid`, `nombre`, `cuerpo`, `created_at`, `updated_at`, `deleted_at`) VALUES
(1, 'F20170854793726EQC7203', 'Inasistencias', '<p style="text-align: right;" align="right"><span style="font-size: 10.5pt; font-family: Verdana, sans-serif;">${comunaEmpresa}, ${fechaPalabras}</span></p>\n<p><strong><span style="font-size: 10.5pt; font-family: Verdana, sans-serif;">Se&ntilde;or:</span></strong></p>\n<p><strong><span style="font-size: 10.5pt; font-family: Verdana, sans-serif;">${nombreTrabajador}</span></strong></p>\n<p><strong><span style="font-size: 10.5pt; font-family: Verdana, sans-serif;">RUT: ${rutTrabajador}</span></strong></p>\n<p><strong><span style="font-size: 10.5pt; font-family: Verdana, sans-serif;">${direccionTrabajador}, ${comunaTrabajador}</span></strong></p>\n<p><strong><span style="font-size: 10.5pt; font-family: Verdana, sans-serif;">${ciudadTrabajador}</span></strong></p>\n<p><span style="font-size: 10.5pt; font-family: Verdana, sans-serif;">&nbsp;</span></p>\n<p><strong><u><span style="font-size: 10.5pt; font-family: Verdana, sans-serif;">Presente</span></u></strong></p>\n<p><span style="font-size: 10.5pt; font-family: Verdana, sans-serif;">&nbsp;</span></p>\n<p><span style="font-size: 10.5pt; font-family: Verdana, sans-serif;">De nuestra consideraci&oacute;n:</span></p>\n<p><span style="font-size: 10.5pt; font-family: Verdana, sans-serif;">&nbsp; &nbsp; Mediante la presente, comunico a Usted que se ha resuelto amonestarlo formalmente, debido a que usted ha faltado sin causa justificada los siguientes d&iacute;as:</span></p>\n<p><span style="font-size: 10.5pt; font-family: Verdana, sans-serif;">${faltas}</span></p>\n<p><span style="font-size: 10.5pt; font-family: Verdana, sans-serif;">&nbsp; &nbsp; Le recordamos que de acuerdo a lo estipulado en su contrato de trabajo en la cl&aacute;usula TERCERA&nbsp;dice lo siguiente:</span></p>\n<p style="text-align: center;" align="center"><span style="font-family: Verdana, sans-serif;">&ldquo;La jornada de trabajo ser&aacute; la siguiente de Lunes a Viernes, el horario ser&aacute; de&nbsp;</span>08:30 a 13:00 Hrs. Y de 14:00 a 18:30 Hrs.&rdquo;</p>\n<p><span style="font-size: 10.5pt; font-family: Verdana, sans-serif;">&nbsp; &nbsp; Por lo anterior, le instamos a que supere esta situaci&oacute;n y que en lo sucesivo cumpla las disposiciones establecidas por la empresa a este respecto.</span></p>\n<p><span style="font-size: 10.5pt; font-family: Verdana, sans-serif;">&nbsp;</span></p>\n<p><span style="font-size: 10.5pt; font-family: Verdana, sans-serif;">&nbsp; &nbsp; Sin otro particular, saluda Atte a Ud.</span></p>\n<p><span style="font-size: 10.5pt; font-family: Verdana, sans-serif;">&nbsp;</span></p>\n<p style="text-align: right;" align="right"><strong><span style="font-size: 10.5pt; font-family: Verdana, sans-serif;">${nombreEmpresa}</span></strong></p>\n<p style="text-align: right;" align="right"><strong><span style="font-size: 10.5pt; font-family: Verdana, sans-serif;">R.U.T. ${rutEmpresa}</span></strong></p>', '2017-04-24 00:00:00', '2017-05-03 13:35:19', NULL),
(2, 'P20170502015820WHI4173', 'Término de Contrato', '<p style="text-align: right;"><span style="font-family: Verdana, sans-serif;">${comunaEmpresa}, ${fechaPalabras}</span></p>\n<p><strong><span style="font-size: 10.5pt; font-family: Verdana, sans-serif;">Se&ntilde;or:</span></strong></p>\n<p><strong><span style="font-size: 10.5pt; font-family: Verdana, sans-serif;">${nombreTrabajador}</span></strong></p>\n<p><strong><span style="font-size: 10.5pt; font-family: Verdana, sans-serif;">RUT: ${rutTrabajador}</span></strong></p>\n<p><strong><span style="font-size: 10.5pt; font-family: Verdana, sans-serif;">${direccionTrabajador}, ${comunaTrabajador}</span></strong></p>\n<p><strong><span style="font-size: 10.5pt; font-family: Verdana, sans-serif;">${ciudadTrabajador}</span></strong></p>\n<p>&nbsp;</p>\n<p><span style="text-decoration: underline;"><strong>Presente</strong></span></p>\n<p>&nbsp;</p>\n<p style="text-align: left;">&nbsp; &nbsp; Comunico a Ud. que con fecha ${fechaPalabras}, se ha resuelto poner t&eacute;rmino al Contrato de Trabajo que la vinculaba con&nbsp;<strong>${nombreEmpresa}</strong>&nbsp;desde el ${fechaInicialPalabras}&nbsp;en su calidad de ${cargoTrabajador}, de acuerdo a lo establecido en el Art&iacute;culo 160 N&deg; 3 del C&oacute;digo del Trabajo, esto es, &ldquo;No concurrencia del trabajador a sus labores sin causa justificada durante dos d&iacute;as seguidos, dos lunes en el mes o un total de tres d&iacute;as durante igual periodo de tiempo&rdquo;.</p>\n<p style="text-align: left;">&nbsp; &nbsp; Los hechos en que se funda la causal invocada se sustentan, en que usted ha faltado sin causa justificada dos d&iacute;as seguidos y un total de tres en igual per&iacute;odo de tiempo, esto es, ${faltasLineal}, hasta la fecha usted no se ha comunicado con la empresa. Seg&uacute;n consta en su contrato de trabajo, por turno le correspond&iacute;a presentarse los d&iacute;as:</p>\n<p>&nbsp;</p>\n<p><span style="font-family: Verdana, sans-serif;">${faltas}</span></p>\n<p>&nbsp;</p>\n<p>&nbsp; &nbsp; Informo a Ud. que sus cotizaciones previsionales, de salud y seguro de cesant&iacute;a han sido integras y oportunamente enteradas en los organismos pertinentes.</p>\n<p>&nbsp; &nbsp; Asimismo se hace entrega del certificado correspondiente de acuerdo a la Ley N&deg; 19.631.</p>\n<p>&nbsp; &nbsp; Se deja constancia que su finiquito estar&aacute; a su disposici&oacute;n en nuestras oficinas ubicada en ${domicilioEmpresa}&nbsp;Santiago el d&iacute;a FECHA. Saluda atentamente a Ud.,</p>\n<p style="text-align: center;"><strong>${nombreEmpresa}</strong></p>\n<p style="text-align: center;"><strong>RUT:&nbsp;</strong><strong>${rutEmpresa}</strong></p>', '2017-05-02 01:58:21', '2017-05-02 20:16:33', NULL);

-- --------------------------------------------------------

--
-- Estructura de tabla para la tabla `plantillas_certificados`
--

CREATE TABLE IF NOT EXISTS `plantillas_certificados` (
  `id` int(11) NOT NULL AUTO_INCREMENT,
  `sid` varchar(50) NOT NULL,
  `nombre` varchar(255) NOT NULL,
  `cuerpo` longtext NOT NULL,
  `created_at` datetime NOT NULL,
  `updated_at` datetime NOT NULL,
  `deleted_at` datetime DEFAULT NULL,
  PRIMARY KEY (`id`)
) ENGINE=MyISAM  DEFAULT CHARSET=latin1 AUTO_INCREMENT=3 ;

--
-- Volcado de datos para la tabla `plantillas_certificados`
--

INSERT INTO `plantillas_certificados` (`id`, `sid`, `nombre`, `cuerpo`, `created_at`, `updated_at`, `deleted_at`) VALUES
(1, 'H20170503141834UJK3074', 'Certificado de Antigüedad Laboral', '<p style="text-align: center;">EMPRESA</p>\n<p style="text-align: center;">&nbsp;</p>\n<p style="text-align: center;">${nombreEmpresa}</p>\n<p style="text-align: center;">&nbsp;</p>\n<p style="text-align: center;"><strong>CERTIFICADO DE ANTIG&Uuml;EDAD</strong></p>\n<p style="text-align: center;">&nbsp;</p>\n<p>El suscrito, certifica que el Sr. (a) ${nombreTrabajador}, RUT: ${rutTrabajador}, es funcionario de la Empresa ${nombreEmpresa} desde el ${fechaInicialPalabras}, ocupando el cargo de ${cargoTrabajador}.</p>\n<p>&nbsp;</p>\n<p>Su contrato de trabajo es de car&aacute;cter ${contratoTrabajador}.</p>\n<p>&nbsp;</p>\n<p>Se otorga el presente certificado a pedido del interesado para los fines que estime conveniente.</p>\n<p>&nbsp;</p>\n<p>${ciudadEmpresa}, ${fechaPalabras}.</p>\n<p>&nbsp;</p>\n<p>&nbsp;</p>\n<p style="text-align: center;">${nombreRepresentanteEmpresa}</p>\n<p style="text-align: center;">Gerente General</p>\n<p style="text-align: center;">${nombreEmpresa}</p>\n<p style="text-align: center;">&nbsp;</p>', '2017-05-03 14:18:35', '2017-05-03 15:58:49', NULL),
(2, 'O20170503142149UHJ6212', 'Certificado de Remuneraciones', '<p style="text-align: center;">EMPRESA</p>\n<p style="text-align: center;">&nbsp;</p>\n<p style="text-align: center;">${nombreEmpresa}</p>\n<p style="text-align: center;">&nbsp;</p>\n<p style="text-align: center;"><strong>CERTIFICADO DE ACREDITACI&Oacute;N DE RENTA MENSUAL</strong></p>\n<p style="text-align: center;">&nbsp;</p>\n<p>El suscrito, certifica que el Sr. (a) ${nombreTrabajador}, RUT: ${rutTrabajador}, es funcionario de la Empresa ${nombreEmpresa}, dispone de una renta l&iacute;quida mensual de ${sueldoBase} (${sueldoBasePalabras}) esto sin descontar pr&eacute;stamos.</p>\n<p>&nbsp;&nbsp;</p>\n<p>Se otorga el presente certificado a pedido del interesado para los fines que estime conveniente.</p>\n<p>&nbsp;</p>\n<p>${ciudadEmpresa}, ${fechaPalabras}.</p>\n<p>&nbsp;</p>\n<p>&nbsp;</p>\n<p style="text-align: center;">${nombreRepresentanteEmpresa}</p>\n<p style="text-align: center;">Gerente General</p>\n<p style="text-align: center;">${nombreEmpresa}</p>\n<p style="text-align: center;">&nbsp;</p>', '2017-05-03 14:21:50', '2017-05-03 16:04:43', NULL);

-- --------------------------------------------------------

--
-- Estructura de tabla para la tabla `plantillas_contratos`
--

CREATE TABLE IF NOT EXISTS `plantillas_contratos` (
  `id` int(11) NOT NULL AUTO_INCREMENT,
  `sid` varchar(50) NOT NULL,
  `nombre` varchar(255) NOT NULL,
  `cuerpo` longtext NOT NULL,
  `created_at` datetime NOT NULL,
  `updated_at` datetime NOT NULL,
  `deleted_at` datetime DEFAULT NULL,
  PRIMARY KEY (`id`)
) ENGINE=MyISAM  DEFAULT CHARSET=latin1 AUTO_INCREMENT=3 ;

--
-- Volcado de datos para la tabla `plantillas_contratos`
--

INSERT INTO `plantillas_contratos` (`id`, `sid`, `nombre`, `cuerpo`, `created_at`, `updated_at`, `deleted_at`) VALUES
(1, 'G20172547893540EQC7203', 'Contrato Normal', '<p style="text-align: center;">&nbsp;</p>\n<p style="text-align: center;"><strong>Contrato Individual de&nbsp;Trabajo</strong></p>\n<p style="text-align: center;">&nbsp;</p>\n<p>En ${comunaEmpresa}, a ${fechaPalabras}, entre la empresa <strong>${nombreEmpresa}</strong> RUT: <strong>${rutEmpresa}</strong>, representada por don <strong>${nombreRepresentanteEmpresa}</strong> en su calidad de Representante legal c&eacute;dula de identidad N&deg; <strong>${rutRepresentanteEmpresa}</strong>, con domicilio en ${domicilioRepresentanteEmpresa}, en adelante, "el empleador"; y don <strong>${nombreTrabajador}</strong> de nacionalidad ${nacionalidadTrabajador}, c&eacute;dula de identidad N&deg; <strong>${rutTrabajador}</strong>, de estado civil ${estadoCivilTrabajador}, fecha de nacimiento ${fechaNacimientoPalabrasTrabajador}, con el cargo de ${cargoTrabajador}, domiciliado en ${domicilioTrabajador}, y, en consecuencia, capaz de celebrar contrato de trabajo en adelante "el trabajador"; las partes han convenido celebrar el presente contrato de trabajo al tenor de las siguientes:</p>\n<p><strong>CL&Aacute;USULAS:</strong></p>\n<p>${clausulas}</p>\n<p><span style="text-decoration: underline;"><strong>Se deja constancia que el trabajador:</strong></span></p>\n<p>Est&aacute; afiliado a Instituci&oacute;n Previsional AFP o R&eacute;gimen Antiguo: <strong>AFP ${trabajadorAfp}</strong></p>\n<p>Est&aacute; afiliado a Instituci&oacute;n de Salud ISAPREo FONASA: <strong>${trabajadorIsapre}</strong></p>', '2017-04-26 00:00:00', '2017-04-28 16:03:59', NULL),
(2, 'X20170502163651OVU2843', 'Contrato a extranjeros', '<p style="text-align: center;">&nbsp;</p>\n<p style="text-align: center;"><span style="text-decoration: underline;"><strong>CONTRATO DE TRABAJO EXTRANJERO VISA TEMPORARIA POR MOTIVOS LABORALES</strong></span></p>\n<p style="text-align: center;">&nbsp;</p>\n<p>En ${comunaEmpresa}, al <strong>${fechaPalabras}</strong>, entre&nbsp;<strong>${nombreEmpresa}</strong>&nbsp;RUT:&nbsp;<strong>${rutEmpresa}</strong>, representado(a) por&nbsp;<strong>${nombreRepresentanteEmpresa}</strong>, c&eacute;dula de identidad <strong>${rutRepresentanteEmpresa}</strong>&nbsp;domiciliado en <strong>${domicilioRepresentanteEmpresa}</strong>, que en adelante se denominar&aacute; "el(la) empleador(a)"; y don&nbsp;<strong>${nombreTrabajador}</strong>, de nacionalidad <strong>${nacionalidadTrabajador}</strong>, nacido el <strong>${fechaNacimientoPalabrasTrabajador}</strong>, c&eacute;dula nacional de identidad&nbsp;<strong>${rutTrabajador}</strong>, de profesi&oacute;n u oficio <strong>${cargoTrabajador}</strong>, de estado civil <strong>${estadoCivilTrabajador}</strong>, domiciliado(a) en <strong>${domicilioTrabajador}</strong>, que en adelante se denominar&aacute; "el trabajador", se ha convenido en el siguiente contrato de trabajo:</p>\n<p>&nbsp;</p>\n<p><strong>CL&Aacute;USULAS:</strong></p>\n<p>${clausulas}</p>\n<p>&nbsp;</p>\n<p>&nbsp;</p>', '2017-05-02 16:36:52', '2017-05-02 16:36:52', NULL);

-- --------------------------------------------------------

--
-- Estructura de tabla para la tabla `plantillas_finiquitos`
--

CREATE TABLE IF NOT EXISTS `plantillas_finiquitos` (
  `id` int(11) NOT NULL AUTO_INCREMENT,
  `sid` varchar(50) NOT NULL,
  `nombre` varchar(255) NOT NULL,
  `cuerpo` longtext NOT NULL,
  `created_at` datetime NOT NULL,
  `updated_at` datetime NOT NULL,
  `deleted_at` datetime DEFAULT NULL,
  PRIMARY KEY (`id`)
) ENGINE=MyISAM  DEFAULT CHARSET=latin1 AUTO_INCREMENT=2 ;

--
-- Volcado de datos para la tabla `plantillas_finiquitos`
--

INSERT INTO `plantillas_finiquitos` (`id`, `sid`, `nombre`, `cuerpo`, `created_at`, `updated_at`, `deleted_at`) VALUES
(1, 'J20170613165602UTX9296', 'Finiquito Normal', '<p style="text-align: center;"> </p>\n<p style="text-align: center;"><strong>Finiquito</strong></p>\n<p style="text-align: center;"> </p>\n<p>En ${comunaEmpresa}, a ${fechaPalabras}, entre <strong>${nombreEmpresa}</strong> RUT: <strong>${rutEmpresa}</strong>, con domicilio en ${domicilioEmpresa}, en adelante, "el empleador"; y don(ña) <strong>${nombreTrabajador}</strong>, RUT: <strong>${rutTrabajador}</strong>, con domicilio en ${domicilioTrabajador}, de nacionalidad ${nacionalidadTrabajador}, nacido(a) el ${fechaNacimientoPalabrasTrabajador}, en adelante "el trabajador", por otra parte, se conviene el siguiente finiquito:</p>\n<p> </p>\n<p><strong>CLÁUSULAS:</strong></p>\n<p>${clausulas}</p>\n<p> </p>', '2017-06-13 16:56:03', '2017-06-13 17:44:36', NULL);

-- --------------------------------------------------------
--
-- Estructura de tabla para la tabla `provincias`
--

CREATE TABLE IF NOT EXISTS `provincias` (
  `id` int(10) unsigned NOT NULL AUTO_INCREMENT,
  `provincia` varchar(100) COLLATE utf8_unicode_ci NOT NULL,
  `region_id` int(10) unsigned NOT NULL,
  `created_at` timestamp NOT NULL DEFAULT '0000-00-00 00:00:00',
  `updated_at` timestamp NOT NULL DEFAULT '0000-00-00 00:00:00',
  PRIMARY KEY (`id`),
  KEY `provincias_region_id_foreign` (`region_id`),
  KEY `provincias_provincia_index` (`provincia`)
) ENGINE=MyISAM  DEFAULT CHARSET=utf8 COLLATE=utf8_unicode_ci AUTO_INCREMENT=54 ;

--
-- Volcado de datos para la tabla `provincias`
--

INSERT INTO `provincias` (`id`, `provincia`, `region_id`, `created_at`, `updated_at`) VALUES
(1, 'Iquique', 1, '0000-00-00 00:00:00', '0000-00-00 00:00:00'),
(2, 'Tocopilla', 2, '0000-00-00 00:00:00', '0000-00-00 00:00:00'),
(3, 'El Loa', 2, '0000-00-00 00:00:00', '0000-00-00 00:00:00'),
(4, 'Antofagasta', 2, '0000-00-00 00:00:00', '0000-00-00 00:00:00'),
(5, 'Chañaral', 3, '0000-00-00 00:00:00', '0000-00-00 00:00:00'),
(6, 'Copiapó', 3, '0000-00-00 00:00:00', '0000-00-00 00:00:00'),
(7, 'Huasco', 3, '0000-00-00 00:00:00', '0000-00-00 00:00:00'),
(8, 'Elqui', 4, '0000-00-00 00:00:00', '0000-00-00 00:00:00'),
(9, 'Limarí', 4, '0000-00-00 00:00:00', '0000-00-00 00:00:00'),
(10, 'Choapa', 4, '0000-00-00 00:00:00', '0000-00-00 00:00:00'),
(11, 'Valparaiso', 5, '0000-00-00 00:00:00', '0000-00-00 00:00:00'),
(12, 'Petorca', 5, '0000-00-00 00:00:00', '0000-00-00 00:00:00'),
(13, 'Los Andes', 5, '0000-00-00 00:00:00', '0000-00-00 00:00:00'),
(14, 'San Felipe de Aconcagua', 5, '0000-00-00 00:00:00', '0000-00-00 00:00:00'),
(15, 'Quillota', 5, '0000-00-00 00:00:00', '0000-00-00 00:00:00'),
(16, 'San Antonio', 5, '0000-00-00 00:00:00', '0000-00-00 00:00:00'),
(17, 'Isla de Pascua', 5, '0000-00-00 00:00:00', '0000-00-00 00:00:00'),
(18, 'Cachapoal', 6, '0000-00-00 00:00:00', '0000-00-00 00:00:00'),
(19, 'Colchagua', 6, '0000-00-00 00:00:00', '0000-00-00 00:00:00'),
(20, 'Cardenal Caro', 6, '0000-00-00 00:00:00', '0000-00-00 00:00:00'),
(21, 'Curicó', 7, '0000-00-00 00:00:00', '0000-00-00 00:00:00'),
(22, 'Talca', 7, '0000-00-00 00:00:00', '0000-00-00 00:00:00'),
(23, 'Linares', 7, '0000-00-00 00:00:00', '0000-00-00 00:00:00'),
(24, 'Cauquenes', 7, '0000-00-00 00:00:00', '0000-00-00 00:00:00'),
(25, 'Ñuble', 8, '0000-00-00 00:00:00', '0000-00-00 00:00:00'),
(26, 'Bio Bio', 8, '0000-00-00 00:00:00', '0000-00-00 00:00:00'),
(27, 'Concepción', 8, '0000-00-00 00:00:00', '0000-00-00 00:00:00'),
(28, 'Arauco', 8, '0000-00-00 00:00:00', '0000-00-00 00:00:00'),
(29, 'Malleco', 9, '0000-00-00 00:00:00', '0000-00-00 00:00:00'),
(30, 'Cautin', 9, '0000-00-00 00:00:00', '0000-00-00 00:00:00'),
(31, 'Valdivia', 10, '0000-00-00 00:00:00', '0000-00-00 00:00:00'),
(32, 'Osorno', 10, '0000-00-00 00:00:00', '0000-00-00 00:00:00'),
(33, 'Llanquihue', 10, '0000-00-00 00:00:00', '0000-00-00 00:00:00'),
(34, 'Chiloé', 10, '0000-00-00 00:00:00', '0000-00-00 00:00:00'),
(35, 'Palena', 10, '0000-00-00 00:00:00', '0000-00-00 00:00:00'),
(36, 'Capitán Prat', 11, '0000-00-00 00:00:00', '0000-00-00 00:00:00'),
(37, 'Aysen', 11, '0000-00-00 00:00:00', '0000-00-00 00:00:00'),
(38, 'Coihaique', 11, '0000-00-00 00:00:00', '0000-00-00 00:00:00'),
(39, 'General Carrera', 11, '0000-00-00 00:00:00', '0000-00-00 00:00:00'),
(40, 'Ultima Esperanza', 12, '0000-00-00 00:00:00', '0000-00-00 00:00:00'),
(41, 'Magallanes', 12, '0000-00-00 00:00:00', '0000-00-00 00:00:00'),
(42, 'Tierra del Fuego', 12, '0000-00-00 00:00:00', '0000-00-00 00:00:00'),
(43, 'Antartica Chilena', 12, '0000-00-00 00:00:00', '0000-00-00 00:00:00'),
(44, 'Cordillera', 13, '0000-00-00 00:00:00', '0000-00-00 00:00:00'),
(45, 'Chacabuco', 13, '0000-00-00 00:00:00', '0000-00-00 00:00:00'),
(46, 'Maipo', 13, '0000-00-00 00:00:00', '0000-00-00 00:00:00'),
(47, 'Melipilla', 13, '0000-00-00 00:00:00', '0000-00-00 00:00:00'),
(48, 'Santiago', 13, '0000-00-00 00:00:00', '0000-00-00 00:00:00'),
(49, 'Talagante', 13, '0000-00-00 00:00:00', '0000-00-00 00:00:00'),
(50, 'Valdivia', 14, '0000-00-00 00:00:00', '0000-00-00 00:00:00'),
(51, 'Ranco', 14, '0000-00-00 00:00:00', '0000-00-00 00:00:00'),
(52, 'Arica', 15, '0000-00-00 00:00:00', '0000-00-00 00:00:00'),
(53, 'Parinacota', 15, '0000-00-00 00:00:00', '0000-00-00 00:00:00');

-- --------------------------------------------------------

--
-- Estructura de tabla para la tabla `recaudadores`
--

CREATE TABLE IF NOT EXISTS `recaudadores` (
  `id` int(11) NOT NULL AUTO_INCREMENT,
  `nombre` varchar(255) NOT NULL,
  `created_at` datetime NOT NULL DEFAULT '0000-00-00 00:00:00',
  `updated_at` datetime NOT NULL DEFAULT '0000-00-00 00:00:00',
  `deleted_at` datetime DEFAULT NULL,
  PRIMARY KEY (`id`)
) ENGINE=MyISAM  DEFAULT CHARSET=latin1 AUTO_INCREMENT=2 ;

--
-- Volcado de datos para la tabla `recaudadores`
--

INSERT INTO `recaudadores` (`id`, `nombre`, `created_at`, `updated_at`, `deleted_at`) VALUES
(1, 'Previred', '0000-00-00 00:00:00', '0000-00-00 00:00:00', NULL);

-- --------------------------------------------------------

--
-- Estructura de tabla para la tabla `regiones`
--

CREATE TABLE IF NOT EXISTS `regiones` (
  `id` int(10) unsigned NOT NULL AUTO_INCREMENT,
  `region` varchar(100) COLLATE utf8_unicode_ci NOT NULL,
  `created_at` timestamp NOT NULL DEFAULT '0000-00-00 00:00:00',
  `updated_at` timestamp NOT NULL DEFAULT '0000-00-00 00:00:00',
  PRIMARY KEY (`id`),
  KEY `regiones_region_index` (`region`)
) ENGINE=MyISAM  DEFAULT CHARSET=utf8 COLLATE=utf8_unicode_ci AUTO_INCREMENT=16 ;

--
-- Volcado de datos para la tabla `regiones`
--

INSERT INTO `regiones` (`id`, `region`, `created_at`, `updated_at`) VALUES
(1, 'Región de Tarapacá', '0000-00-00 00:00:00', '0000-00-00 00:00:00'),
(2, 'Región de Antofagasta', '0000-00-00 00:00:00', '0000-00-00 00:00:00'),
(3, 'Región de Atacama', '0000-00-00 00:00:00', '0000-00-00 00:00:00'),
(4, 'Región de Coquimbo', '0000-00-00 00:00:00', '0000-00-00 00:00:00'),
(5, 'Región de Valparaiso', '0000-00-00 00:00:00', '0000-00-00 00:00:00'),
(6, 'Región del Libertador General Bernardo O Higgins', '0000-00-00 00:00:00', '0000-00-00 00:00:00'),
(7, 'Región del Maule', '0000-00-00 00:00:00', '0000-00-00 00:00:00'),
(8, 'Región del Bío-Bío', '0000-00-00 00:00:00', '0000-00-00 00:00:00'),
(9, 'Región del Araucanía', '0000-00-00 00:00:00', '0000-00-00 00:00:00'),
(10, 'Región de los Lagos', '0000-00-00 00:00:00', '0000-00-00 00:00:00'),
(11, 'Región de Aysén del General Carlos Ibáñez del Camp', '0000-00-00 00:00:00', '0000-00-00 00:00:00'),
(12, 'Región de Magallanes y la Antartica Chilena', '0000-00-00 00:00:00', '0000-00-00 00:00:00'),
(13, 'Región Metropolitana', '0000-00-00 00:00:00', '0000-00-00 00:00:00'),
(14, 'Región de los Ríos', '0000-00-00 00:00:00', '0000-00-00 00:00:00'),
(15, 'Región de Arica y Parinacota', '0000-00-00 00:00:00', '0000-00-00 00:00:00');

-- --------------------------------------------------------

--
-- Estructura de tabla para la tabla `rentas_minimas_imponibles`
--

CREATE TABLE IF NOT EXISTS `rentas_minimas_imponibles` (
  `id` int(11) NOT NULL AUTO_INCREMENT,
  `mes` date NOT NULL,
  `nombre` varchar(255) NOT NULL,
  `valor` int(11) NOT NULL,
  `created_at` datetime NOT NULL,
  `updated_at` datetime NOT NULL,
  `deleted_at` datetime DEFAULT NULL,
  PRIMARY KEY (`id`)
) ENGINE=MyISAM  DEFAULT CHARSET=latin1 AUTO_INCREMENT=1 ;


-- --------------------------------------------------------

--
-- Estructura de tabla para la tabla `rentas_topes_imponibles`
--

CREATE TABLE IF NOT EXISTS `rentas_topes_imponibles` (
  `id` int(11) NOT NULL AUTO_INCREMENT,
  `mes` date NOT NULL,
  `nombre` varchar(255) NOT NULL,
  `valor` decimal(5,1) NOT NULL,
  `created_at` datetime NOT NULL,
  `updated_at` datetime NOT NULL,
  `deleted_at` datetime DEFAULT NULL,
  PRIMARY KEY (`id`)
) ENGINE=MyISAM  DEFAULT CHARSET=latin1 AUTO_INCREMENT=1 ;

-- --------------------------------------------------------

--
-- Estructura de tabla para la tabla `seguro_de_cesantia`
--

CREATE TABLE IF NOT EXISTS `seguro_de_cesantia` (
  `id` int(11) NOT NULL AUTO_INCREMENT,
  `mes` date NOT NULL,
  `tipo_contrato` varchar(255) NOT NULL,
  `financiamiento_empleador` decimal(5,1) DEFAULT NULL,
  `financiamiento_trabajador` decimal(5,1) DEFAULT NULL,
  `created_at` datetime NOT NULL,
  `updated_at` datetime NOT NULL,
  `deleted_at` datetime DEFAULT NULL,
  PRIMARY KEY (`id`)
) ENGINE=MyISAM  DEFAULT CHARSET=latin1 AUTO_INCREMENT=1 ;


-- --------------------------------------------------------

--
-- Estructura de tabla para la tabla `tabla_impuesto_unico`
--

CREATE TABLE IF NOT EXISTS `tabla_impuesto_unico` (
  `id` int(11) NOT NULL AUTO_INCREMENT,
  `mes` date NOT NULL,
  `tramo` int(11) NOT NULL,
  `imponible_mensual_desde` decimal(6,3) NOT NULL,
  `imponible_mensual_hasta` decimal(8,3) NOT NULL,
  `factor` decimal(6,3) NOT NULL,
  `cantidad_a_rebajar` decimal(6,3) NOT NULL,
  `created_at` datetime NOT NULL,
  `updated_at` datetime NOT NULL,
  `deleted_at` datetime DEFAULT NULL,
  PRIMARY KEY (`id`)
) ENGINE=MyISAM  DEFAULT CHARSET=latin1 AUTO_INCREMENT=1 ;


-- --------------------------------------------------------

--
-- Estructura de tabla para la tabla `tasa_cotizacion_obligatorio_afp`
--

CREATE TABLE IF NOT EXISTS `tasa_cotizacion_obligatorio_afp` (
  `id` int(11) NOT NULL AUTO_INCREMENT,
  `afp_id` int(11) NOT NULL,
  `mes` date NOT NULL,
  `tasa_afp` decimal(5,2) DEFAULT NULL,
  `sis` decimal(5,2) DEFAULT NULL,
  `tasa_afp_independientes` decimal(5,2) DEFAULT NULL,
  `created_at` datetime NOT NULL,
  `updated_at` datetime NOT NULL,
  `deleted_at` datetime DEFAULT NULL,
  PRIMARY KEY (`id`)
) ENGINE=MyISAM  DEFAULT CHARSET=latin1 AUTO_INCREMENT=1 ;


-- --------------------------------------------------------

--
-- Estructura de tabla para la tabla `tasas_cajas_ex_regimen`
--

CREATE TABLE `tasas_cajas_ex_regimen` (
  `id` int(11) NOT NULL AUTO_INCREMENT,
  `caja_id` int(11) NOT NULL,
  `mes` date NOT NULL,
  `tasa` decimal(5,2) NOT NULL,
  `created_at` datetime NOT NULL,
  `updated_at` datetime NOT NULL,
  `deleted_at` datetime DEFAULT NULL,
  PRIMARY KEY (`id`)
) ENGINE=MyISAM  DEFAULT CHARSET=latin1 AUTO_INCREMENT=23 ;

--
-- Volcado de datos para la tabla `tasas_cajas_ex_regimen`
--

INSERT INTO `tasas_cajas_ex_regimen` (`id`, `caja_id`, `mes`, `tasa`, `created_at`, `updated_at`, `deleted_at`) VALUES
(1, 1, '2017-01-01', '21.84', '2017-10-02 00:00:00', '2017-10-02 11:57:18', NULL),
(2, 2, '2017-01-01', '24.28', '2017-10-02 00:00:00', '2017-10-02 00:00:00', NULL),
(3, 5, '2017-01-01', '20.23', '2017-10-02 00:00:00', '2017-10-02 00:00:00', NULL),
(4, 6, '2017-01-01', '23.76', '2017-10-02 00:00:00', '2017-10-02 00:00:00', NULL),
(5, 7, '2017-01-01', '20.41', '2017-10-02 00:00:00', '2017-10-02 00:00:00', NULL),
(6, 8, '2017-01-01', '19.35', '2017-10-02 00:00:00', '2017-10-02 00:00:00', NULL),
(7, 9, '2017-01-01', '18.84', '2017-10-02 00:00:00', '2017-10-02 00:00:00', NULL),
(8, 10, '2017-01-01', '20.87', '2017-10-02 00:00:00', '2017-10-02 00:00:00', NULL),
(9, 11, '2017-01-01', '19.04', '2017-10-02 00:00:00', '2017-10-02 00:00:00', NULL),
(10, 12, '2017-01-01', '22.34', '2017-10-02 00:00:00', '2017-10-02 00:00:00', NULL),
(11, 13, '2017-01-01', '18.62', '2017-10-02 00:00:00', '2017-10-02 00:00:00', NULL),
(12, 14, '2017-01-01', '23.04', '2017-10-02 00:00:00', '2017-10-02 00:00:00', NULL),
(13, 15, '2017-01-01', '18.92', '2017-10-02 00:00:00', '2017-10-02 00:00:00', NULL),
(14, 16, '2017-01-01', '18.52', '2017-10-02 00:00:00', '2017-10-02 00:00:00', NULL),
(15, 17, '2017-01-01', '21.51', '2017-10-02 00:00:00', '2017-10-02 00:00:00', NULL),
(16, 18, '2017-01-01', '20.59', '2017-10-02 00:00:00', '2017-10-02 00:00:00', NULL),
(17, 19, '2017-01-01', '6.40', '2017-10-02 00:00:00', '2017-10-02 00:00:00', NULL),
(18, 20, '2017-01-01', '20.70', '2017-10-02 00:00:00', '2017-10-02 00:00:00', NULL),
(19, 21, '2017-01-01', '7.00', '2017-10-02 00:00:00', '2017-10-02 00:00:00', NULL),
(20, 22, '2017-01-01', '0.95', '2017-10-02 00:00:00', '2017-10-02 00:00:00', NULL),
(21, 23, '2017-01-01', '0.00', '2017-10-02 00:00:00', '2017-10-02 00:00:00', NULL),
(22, 24, '2017-01-01', '0.00', '2017-10-02 00:00:00', '2017-10-02 00:00:00', NULL);


-- --------------------------------------------------------

--
-- Estructura de tabla para la tabla `tipos_estructura`
--

CREATE TABLE IF NOT EXISTS `tipos_estructura` (
  `id` int(10) NOT NULL AUTO_INCREMENT,
  `numero` int(11) NOT NULL,
  `nombre` varchar(255) NOT NULL,
  `updated_at` timestamp NOT NULL DEFAULT '0000-00-00 00:00:00',
  `created_at` timestamp NOT NULL DEFAULT '0000-00-00 00:00:00',
  `deleted_at` datetime DEFAULT NULL,
  PRIMARY KEY (`id`)
) ENGINE=MyISAM  DEFAULT CHARSET=latin1 AUTO_INCREMENT=20 ;

--
-- Volcado de datos para la tabla `tipos_estructura`
--

INSERT INTO `tipos_estructura` (`id`, `numero`, `nombre`, `updated_at`, `created_at`, `deleted_at`) VALUES
(1, 1, 'Sexos', '2017-02-06 16:12:03', '2015-09-08 21:57:09', NULL),
(2, 2, 'Nacionalidad', '2017-02-06 16:12:03', '2015-09-08 21:57:09', NULL),
(3, 3, 'Tipo de Nómina', '2017-02-06 16:12:03', '2015-09-08 21:57:09', NULL),
(4, 4, 'Régimen Previsional Trabajador', '2017-02-06 16:12:03', '2015-09-08 21:57:09', NULL),
(5, 5, 'Tipo de Trabajador', '2017-02-06 16:12:03', '2015-09-08 21:57:09', NULL),
(6, 6, 'Tipo de Línea', '2017-02-06 16:12:03', '2015-09-08 21:57:09', NULL),
(7, 7, 'Movimiento de Personal', '2017-02-06 16:12:03', '2015-09-08 21:57:09', NULL),
(8, 8, 'Tramo Asignación Familiar', '2017-02-06 16:12:03', '2015-09-08 21:57:09', NULL),
(9, 10, 'Código de AFP', '2017-02-06 16:12:03', '2015-09-08 21:57:09', NULL),
(10, 11, 'Nombre Institución APV Autorizada', '2017-02-06 16:12:03', '2015-09-08 21:57:09', NULL),
(11, 12, 'Forma de Pago APVI - APVC', '2017-02-06 16:12:03', '2015-09-08 21:57:09', NULL),
(12, 13, 'Movimiento de Personal Afiliado Voluntario', '2017-02-06 16:12:03', '2015-09-08 21:57:09', NULL),
(13, 14, 'Código De Caja Ex Régimen', '2017-02-06 16:12:03', '2015-09-08 21:57:09', NULL),
(14, 15, 'Código De Caja Ex Régimen Desahucio', '2017-02-06 16:12:03', '2015-09-08 21:57:09', NULL),
(15, 16, 'Código de Institución de Salud', '2017-02-06 16:12:03', '2015-09-08 21:57:09', NULL),
(16, 17, 'Tipo Moneda del Plan Pactado Isapre', '2017-02-06 16:12:03', '2015-09-08 21:57:09', NULL),
(17, 18, 'Código CCAF', '2017-02-06 16:12:03', '2015-09-08 21:57:09', NULL),
(18, 19, 'Código Mutualidad', '2017-02-06 16:12:03', '2015-09-08 21:57:09', NULL),
(19, 20, 'RUT Pagador de Subsidio', '2017-02-06 16:12:03', '2015-09-08 21:57:09', NULL);

-- --------------------------------------------------------

--
-- Estructura de tabla para la tabla `tipos_estructura_glosa`
--

CREATE TABLE IF NOT EXISTS `tipos_estructura_glosa` (
  `id` int(11) NOT NULL AUTO_INCREMENT,
  `tipo_estructura_id` int(11) NOT NULL,
  `glosa` varchar(255) NOT NULL,
  `created_at` datetime NOT NULL DEFAULT '0000-00-00 00:00:00',
  `updated_at` datetime NOT NULL DEFAULT '0000-00-00 00:00:00',
  `deleted_at` datetime DEFAULT NULL,
  PRIMARY KEY (`id`)
) ENGINE=MyISAM  DEFAULT CHARSET=latin1 AUTO_INCREMENT=285 ;

--
-- Volcado de datos para la tabla `tipos_estructura_glosa`
--

INSERT INTO `tipos_estructura_glosa` (`id`, `tipo_estructura_id`, `glosa`, `created_at`, `updated_at`, `deleted_at`) VALUES
(1, 1, 'Masculino', '0000-00-00 00:00:00', '0000-00-00 00:00:00', NULL),
(2, 1, 'Femenino', '0000-00-00 00:00:00', '0000-00-00 00:00:00', NULL),
(3, 2, 'Chileno', '0000-00-00 00:00:00', '0000-00-00 00:00:00', NULL),
(4, 2, 'Extranjero', '0000-00-00 00:00:00', '0000-00-00 00:00:00', NULL),
(5, 3, 'Remuneraciones del Mes', '0000-00-00 00:00:00', '0000-00-00 00:00:00', NULL),
(6, 3, 'Gratificaciones', '0000-00-00 00:00:00', '0000-00-00 00:00:00', NULL),
(7, 3, 'Bono Ley de Modernización Empresas Públicas', '0000-00-00 00:00:00', '0000-00-00 00:00:00', NULL),
(8, 4, 'AFP', '0000-00-00 00:00:00', '0000-00-00 00:00:00', NULL),
(9, 4, 'IPS (ExINP)', '0000-00-00 00:00:00', '0000-00-00 00:00:00', NULL),
(10, 4, 'Sin Institución Previsional', '0000-00-00 00:00:00', '0000-00-00 00:00:00', NULL),
(11, 5, 'Activo (No Pensionado)', '0000-00-00 00:00:00', '0000-00-00 00:00:00', NULL),
(12, 5, 'Pensionado y Cotiza', '0000-00-00 00:00:00', '0000-00-00 00:00:00', NULL),
(13, 5, 'Pensionado y no Cotiza', '0000-00-00 00:00:00', '0000-00-00 00:00:00', NULL),
(14, 5, 'Sin Institución Previsional', '0000-00-00 00:00:00', '0000-00-00 00:00:00', NULL),
(15, 6, 'Línea Principal o Base', '0000-00-00 00:00:00', '0000-00-00 00:00:00', NULL),
(16, 6, 'Línea Adicional', '0000-00-00 00:00:00', '0000-00-00 00:00:00', NULL),
(17, 6, 'Segundo Contrato', '0000-00-00 00:00:00', '0000-00-00 00:00:00', NULL),
(18, 6, 'Movimiento de Personal Afiliado Voluntario', '0000-00-00 00:00:00', '0000-00-00 00:00:00', NULL),
(19, 7, 'Sin Movimiento en el Mes', '0000-00-00 00:00:00', '0000-00-00 00:00:00', NULL),
(20, 7, 'Contratación a plazo indefinido', '0000-00-00 00:00:00', '0000-00-00 00:00:00', NULL),
(21, 7, 'Retiro', '0000-00-00 00:00:00', '0000-00-00 00:00:00', NULL),
(22, 7, 'Subsidios', '0000-00-00 00:00:00', '0000-00-00 00:00:00', NULL),
(23, 7, 'Permiso Sin Goce de Sueldos', '0000-00-00 00:00:00', '0000-00-00 00:00:00', NULL),
(24, 7, 'Incorporación en el Lugar de Trabajo', '0000-00-00 00:00:00', '0000-00-00 00:00:00', NULL),
(25, 7, 'Accidentes del Trabajo', '0000-00-00 00:00:00', '0000-00-00 00:00:00', NULL),
(26, 7, 'Contratación a plazo fijo', '0000-00-00 00:00:00', '0000-00-00 00:00:00', NULL),
(27, 7, 'Cambio Contrato plazo fijo a plazo indefinido', '0000-00-00 00:00:00', '0000-00-00 00:00:00', NULL),
(28, 7, 'Otros Movimientos (Ausentismos)', '0000-00-00 00:00:00', '0000-00-00 00:00:00', NULL),
(29, 7, 'Reliquidación, Premio, Bono', '0000-00-00 00:00:00', '0000-00-00 00:00:00', NULL),
(30, 8, 'Primer Tramo', '0000-00-00 00:00:00', '0000-00-00 00:00:00', NULL),
(31, 8, 'Segundo Tramo', '0000-00-00 00:00:00', '0000-00-00 00:00:00', NULL),
(32, 8, 'Tercer Tramo', '0000-00-00 00:00:00', '0000-00-00 00:00:00', NULL),
(33, 8, 'Sin Derecho', '0000-00-00 00:00:00', '0000-00-00 00:00:00', NULL),
(34, 8, 'Sin Derecho', '0000-00-00 00:00:00', '0000-00-00 00:00:00', NULL),
(35, 9, 'No está en AFP', '0000-00-00 00:00:00', '0000-00-00 00:00:00', NULL),
(36, 9, 'Cuprum', '0000-00-00 00:00:00', '0000-00-00 00:00:00', NULL),
(37, 9, 'Habitat', '0000-00-00 00:00:00', '0000-00-00 00:00:00', NULL),
(38, 9, 'Provida', '0000-00-00 00:00:00', '0000-00-00 00:00:00', NULL),
(39, 9, 'Plan Vital', '0000-00-00 00:00:00', '0000-00-00 00:00:00', NULL),
(40, 9, 'Capital', '0000-00-00 00:00:00', '0000-00-00 00:00:00', NULL),
(41, 9, 'Modelo', '0000-00-00 00:00:00', '0000-00-00 00:00:00', NULL),
(42, 10, 'No Cotiza A.P.V.', '0000-00-00 00:00:00', '0000-00-00 00:00:00', NULL),
(43, 10, 'Cuprum', '0000-00-00 00:00:00', '0000-00-00 00:00:00', NULL),
(44, 10, 'Habitat', '0000-00-00 00:00:00', '0000-00-00 00:00:00', NULL),
(45, 10, 'Provida', '0000-00-00 00:00:00', '0000-00-00 00:00:00', NULL),
(46, 10, 'Plan Vital', '0000-00-00 00:00:00', '0000-00-00 00:00:00', NULL),
(47, 10, 'Capital', '0000-00-00 00:00:00', '0000-00-00 00:00:00', NULL),
(48, 10, 'Modelo', '0000-00-00 00:00:00', '0000-00-00 00:00:00', NULL),
(49, 10, 'ABN AMOR (CHILE) SEGUROS DE VIDA S.A.', '0000-00-00 00:00:00', '0000-00-00 00:00:00', NULL),
(50, 10, 'AGF ALLIANZ CHILE COMPAÑÍA DE SEGUROS VIDA S.A.', '0000-00-00 00:00:00', '0000-00-00 00:00:00', NULL),
(51, 10, 'SANTANDER SEGUROS DE VIDA S.A.', '0000-00-00 00:00:00', '0000-00-00 00:00:00', NULL),
(52, 10, 'BCI SEGUROS VIDA S.A.', '0000-00-00 00:00:00', '0000-00-00 00:00:00', NULL),
(53, 10, 'BANCHILE SEGUROS VIDA S.A.', '0000-00-00 00:00:00', '0000-00-00 00:00:00', NULL),
(54, 10, 'BBVA SEGUROS DE VIDA S.A.', '0000-00-00 00:00:00', '0000-00-00 00:00:00', NULL),
(55, 10, 'BICE VIDA COMPAÑÍA DE SEGUROS S.A.', '0000-00-00 00:00:00', '0000-00-00 00:00:00', NULL),
(56, 10, 'CHILENA CONSOLIDADA SEGUROS DE VIDA S.A.', '0000-00-00 00:00:00', '0000-00-00 00:00:00', NULL),
(57, 10, 'CIGNA COMPAÑÍA DE SEGUROS DE VIDA S.A.', '0000-00-00 00:00:00', '0000-00-00 00:00:00', NULL),
(58, 10, 'CN LIFE, COMPAÑÍA DE SEGUROS DE VIDA S.A.', '0000-00-00 00:00:00', '0000-00-00 00:00:00', NULL),
(59, 10, 'COMPAÑÍA DE SEGUROS DE VIDA CARDIF S.A.', '0000-00-00 00:00:00', '0000-00-00 00:00:00', NULL),
(60, 10, 'CIA DE SEG. DE VIDA CONSORCIO NACIONAL DE SEG S.A.', '0000-00-00 00:00:00', '0000-00-00 00:00:00', NULL),
(61, 10, 'COMPAÑÍA DE SEGUROS DE VIDA HUELEN S.A.', '0000-00-00 00:00:00', '0000-00-00 00:00:00', NULL),
(62, 10, 'COMPAÑÍA DE SEGUROS DE VIDA VITALIS S.A.', '0000-00-00 00:00:00', '0000-00-00 00:00:00', NULL),
(63, 10, 'COMPAÑÍA DE SEGUROS CONFUTURO S.A.', '0000-00-00 00:00:00', '0000-00-00 00:00:00', NULL),
(64, 10, 'EUROAMERICA SEGUROS DE VIDA S.A.', '0000-00-00 00:00:00', '0000-00-00 00:00:00', NULL),
(65, 10, 'SEGUROS DE VIDA SURA S.A.', '0000-00-00 00:00:00', '0000-00-00 00:00:00', NULL),
(66, 10, 'METLIFE CHILE SEGUROS DE VIDA S.A.', '0000-00-00 00:00:00', '0000-00-00 00:00:00', NULL),
(67, 10, 'MAPFRE COMPAÑÍA DE SEGUROS DE VIDA DE CHILE S.A.', '0000-00-00 00:00:00', '0000-00-00 00:00:00', NULL),
(68, 10, 'MUTUAL DE SEGUROS DE CHILE', '0000-00-00 00:00:00', '0000-00-00 00:00:00', NULL),
(69, 10, 'MUTUALIDAD DE CARABINEROS', '0000-00-00 00:00:00', '0000-00-00 00:00:00', NULL),
(70, 10, 'MUTUALIDAD DEL EJERCITO Y AVIACIÓN', '0000-00-00 00:00:00', '0000-00-00 00:00:00', NULL),
(71, 10, 'OHIO NATIONAL SEGUROS DE VIDA S.A.', '0000-00-00 00:00:00', '0000-00-00 00:00:00', NULL),
(72, 10, 'PRINCIPAL COMPAÑÍA DE SEGUROS DE VIDA CHILE S.A.', '0000-00-00 00:00:00', '0000-00-00 00:00:00', NULL),
(73, 10, 'RENTA NACIONAL COMPAÑÍA DE SEGUROS DE VIDA S.A.', '0000-00-00 00:00:00', '0000-00-00 00:00:00', NULL),
(74, 10, 'SEGUROS DE VIDA SECURITY PREVISION S.A.', '0000-00-00 00:00:00', '0000-00-00 00:00:00', NULL),
(75, 10, 'COMPAÑÍA DE SEGUROS GENERALES PENTA-SECURITY S.A.', '0000-00-00 00:00:00', '0000-00-00 00:00:00', NULL),
(76, 10, 'PENTA VIDA COMPAÑÍA DE SEGUROS DE VIDA S.A.', '0000-00-00 00:00:00', '0000-00-00 00:00:00', NULL),
(77, 10, 'ACE SEGUROS S.A.', '0000-00-00 00:00:00', '0000-00-00 00:00:00', NULL),
(78, 10, 'BANDESARROLLO ADM. GENERAL DE FONDOS S.A.', '0000-00-00 00:00:00', '0000-00-00 00:00:00', NULL),
(79, 10, 'BBVA ASSET MANAGEMENT ADM. GENERAL DE FONDOS S.A.', '0000-00-00 00:00:00', '0000-00-00 00:00:00', NULL),
(80, 10, 'BCI ASSET MANAGEMENT ADM. GENERAL DE FONDOS S.A.', '0000-00-00 00:00:00', '0000-00-00 00:00:00', NULL),
(81, 10, 'BICE INVERSIONES ADM. GENERAL DE FONDOS S.A.', '0000-00-00 00:00:00', '0000-00-00 00:00:00', NULL),
(82, 10, 'BTG PACTUAL CHILE S.A. AGF', '0000-00-00 00:00:00', '0000-00-00 00:00:00', NULL),
(83, 10, 'CORPBANCA ADM. GENERAL DE FONDOS S.A.', '0000-00-00 00:00:00', '0000-00-00 00:00:00', NULL),
(84, 10, 'LARRAIN VIAL S.A. CORREDORA DE BOLSA', '0000-00-00 00:00:00', '0000-00-00 00:00:00', NULL),
(85, 10, 'PRINCIPAL ADM. GENERAL DE FONDOS S.A.', '0000-00-00 00:00:00', '0000-00-00 00:00:00', NULL),
(86, 10, 'SANTANDER ASSET MANAGEMENT S.A. ADM. GENERAL DE FONDOS', '0000-00-00 00:00:00', '0000-00-00 00:00:00', NULL),
(87, 10, 'SCOTIA SUD AMERICANO ADM. DE FONDOS MUTUOS S.A.', '0000-00-00 00:00:00', '0000-00-00 00:00:00', NULL),
(88, 10, 'ADM. GENERAL DE FONDOS SECURITY', '0000-00-00 00:00:00', '0000-00-00 00:00:00', NULL),
(89, 10, 'BANCHILE CORREDORES DE BOLSA S.A.', '0000-00-00 00:00:00', '0000-00-00 00:00:00', NULL),
(90, 10, 'ZURICH ADM. GENERAL DE FONDOS S.A.', '0000-00-00 00:00:00', '0000-00-00 00:00:00', NULL),
(91, 10, 'ITAU CHILE ADM. GENERAL DE FONDOS S.A.', '0000-00-00 00:00:00', '0000-00-00 00:00:00', NULL),
(92, 10, 'CORREDORES DE BOLSA SURA S.A.', '0000-00-00 00:00:00', '0000-00-00 00:00:00', NULL),
(93, 10, 'BTG PACTUAL CHILE S.A. CORREDORES DE BOLSA', '0000-00-00 00:00:00', '0000-00-00 00:00:00', NULL),
(94, 10, 'BANCOESTADO S.A. ADM. GENERAL DE FONDOS', '0000-00-00 00:00:00', '0000-00-00 00:00:00', NULL),
(95, 10, 'SCOTIA SUD AMERICANO CORREDORES DE BOLSA S.A.', '0000-00-00 00:00:00', '0000-00-00 00:00:00', NULL),
(96, 10, 'BICE INVERSIONES CORREDORES DE BOLSA S.A.', '0000-00-00 00:00:00', '0000-00-00 00:00:00', NULL),
(97, 10, 'VALORES SECURITY S.A. CORREDORES DE BOLSA', '0000-00-00 00:00:00', '0000-00-00 00:00:00', NULL),
(98, 10, 'MBI CORREDORES DE BOLSA S.A.', '0000-00-00 00:00:00', '0000-00-00 00:00:00', NULL),
(99, 10, 'EUROAMERICA ADM. GENERAL DE FONDOS. S.A.', '0000-00-00 00:00:00', '0000-00-00 00:00:00', NULL),
(100, 10, 'LARRAIN VIAL ADM. GENERAL DE FONDOS', '0000-00-00 00:00:00', '0000-00-00 00:00:00', NULL),
(101, 10, 'Banco Santander Santiago.', '0000-00-00 00:00:00', '0000-00-00 00:00:00', NULL),
(102, 11, 'Directa: Se envía a inf. Directamente a la institución encargada de adm fondos', '0000-00-00 00:00:00', '0000-00-00 00:00:00', NULL),
(103, 11, 'Indirecta: Se envía a la inf. A la AFP del trabajador, la cual actúa como intermediaria para traspasar los fondos a otra institución encargada de adm fondos', '0000-00-00 00:00:00', '0000-00-00 00:00:00', NULL),
(104, 12, 'Cese de Cotización de Afiliado Voluntario', '0000-00-00 00:00:00', '0000-00-00 00:00:00', NULL),
(105, 13, 'No pertenece al IPS', '0000-00-00 00:00:00', '0000-00-00 00:00:00', NULL),
(106, 13, 'Bancaria - Régimen 1', '0000-00-00 00:00:00', '0000-00-00 00:00:00', NULL),
(107, 13, 'Bancaria - Régimen 2', '0000-00-00 00:00:00', '0000-00-00 00:00:00', NULL),
(108, 13, 'Bancaria - Régimen 3', '0000-00-00 00:00:00', '0000-00-00 00:00:00', NULL),
(109, 13, 'Bancaria - Régimen 14', '0000-00-00 00:00:00', '0000-00-00 00:00:00', NULL),
(110, 13, 'Bancaria - Régimen 21', '0000-00-00 00:00:00', '0000-00-00 00:00:00', NULL),
(111, 13, 'Bancaria - Régimen 34', '0000-00-00 00:00:00', '0000-00-00 00:00:00', NULL),
(112, 13, 'Caja de Previsión de Gildemeister - Régimen 1', '0000-00-00 00:00:00', '0000-00-00 00:00:00', NULL),
(113, 13, 'Caja de Previsión de Gildemeister - Régimen 2', '0000-00-00 00:00:00', '0000-00-00 00:00:00', NULL),
(114, 13, 'Caja de Previsión Social de loa EE - Régimen 1', '0000-00-00 00:00:00', '0000-00-00 00:00:00', NULL),
(115, 13, 'Caja de Previsión Social de loa EE - Régimen 2', '0000-00-00 00:00:00', '0000-00-00 00:00:00', NULL),
(116, 13, 'Caja Ferro - Régimen 2', '0000-00-00 00:00:00', '0000-00-00 00:00:00', NULL),
(117, 13, 'Caja Ferro - Régimen 3', '0000-00-00 00:00:00', '0000-00-00 00:00:00', NULL),
(118, 13, 'Caja Ferro - Régimen 4', '0000-00-00 00:00:00', '0000-00-00 00:00:00', NULL),
(119, 13, 'Caja Ferro - Régimen 5', '0000-00-00 00:00:00', '0000-00-00 00:00:00', NULL),
(120, 13, 'Caja Ferro - Régimen 7', '0000-00-00 00:00:00', '0000-00-00 00:00:00', NULL),
(121, 13, 'Canaempu: Periodistas - Régimen 1', '0000-00-00 00:00:00', '0000-00-00 00:00:00', NULL),
(122, 13, 'Canaempu: Periodistas - Régimen 2', '0000-00-00 00:00:00', '0000-00-00 00:00:00', NULL),
(123, 13, 'Canaempu: Periodistas - Régimen 3', '0000-00-00 00:00:00', '0000-00-00 00:00:00', NULL),
(124, 13, 'Canaempu: Periodistas - Régimen 4', '0000-00-00 00:00:00', '0000-00-00 00:00:00', NULL),
(125, 13, 'Canaempu: Periodistas - Régimen 5', '0000-00-00 00:00:00', '0000-00-00 00:00:00', NULL),
(126, 13, 'Canaempu: Periodistas - Régimen 6', '0000-00-00 00:00:00', '0000-00-00 00:00:00', NULL),
(127, 13, 'Canaempu: Periodistas - Régimen 7', '0000-00-00 00:00:00', '0000-00-00 00:00:00', NULL),
(128, 13, 'Canaempu: Periodistas - Régimen 8', '0000-00-00 00:00:00', '0000-00-00 00:00:00', NULL),
(129, 13, 'Canaempu: Periodistas - Régimen 11', '0000-00-00 00:00:00', '0000-00-00 00:00:00', NULL),
(130, 13, 'Canaempu: Periodistas - Régimen 12', '0000-00-00 00:00:00', '0000-00-00 00:00:00', NULL),
(131, 13, 'Canaempu: Periodistas - Régimen 13', '0000-00-00 00:00:00', '0000-00-00 00:00:00', NULL),
(132, 13, 'Canaempu: Periodistas - Régimen 14', '0000-00-00 00:00:00', '0000-00-00 00:00:00', NULL),
(133, 13, 'Canaempu: Periodistas - Régimen 15', '0000-00-00 00:00:00', '0000-00-00 00:00:00', NULL),
(134, 13, 'Canaempu: Periodistas - Régimen 16', '0000-00-00 00:00:00', '0000-00-00 00:00:00', NULL),
(135, 13, 'Canaempu: Periodistas - Régimen 17', '0000-00-00 00:00:00', '0000-00-00 00:00:00', NULL),
(136, 13, 'Canaempu: Periodistas - Régimen 18', '0000-00-00 00:00:00', '0000-00-00 00:00:00', NULL),
(137, 13, 'Canaempu: Periodistas - Régimen 21', '0000-00-00 00:00:00', '0000-00-00 00:00:00', NULL),
(138, 13, 'Canaempu: Periodistas - Régimen 22', '0000-00-00 00:00:00', '0000-00-00 00:00:00', NULL),
(139, 13, 'Canaempu: Periodistas - Régimen 23', '0000-00-00 00:00:00', '0000-00-00 00:00:00', NULL),
(140, 13, 'Canaempu: Periodistas - Régimen 24', '0000-00-00 00:00:00', '0000-00-00 00:00:00', NULL),
(141, 13, 'Canaempu: Periodistas - Régimen 25', '0000-00-00 00:00:00', '0000-00-00 00:00:00', NULL),
(142, 13, 'Canaempu: Periodistas - Régimen 26', '0000-00-00 00:00:00', '0000-00-00 00:00:00', NULL),
(143, 13, 'Canaempu: Periodistas - Régimen 31', '0000-00-00 00:00:00', '0000-00-00 00:00:00', NULL),
(144, 13, 'Canaempu: Periodistas - Régimen 32', '0000-00-00 00:00:00', '0000-00-00 00:00:00', NULL),
(145, 13, 'Canaempu: Periodistas - Régimen 33', '0000-00-00 00:00:00', '0000-00-00 00:00:00', NULL),
(146, 13, 'Canaempu: Periodistas - Régimen 34', '0000-00-00 00:00:00', '0000-00-00 00:00:00', NULL),
(147, 13, 'Canaempu: Públicos - Régimen 1', '0000-00-00 00:00:00', '0000-00-00 00:00:00', NULL),
(148, 13, 'Canaempu: Públicos - Régimen 2', '0000-00-00 00:00:00', '0000-00-00 00:00:00', NULL),
(149, 13, 'Canaempu: Públicos - Régimen 3', '0000-00-00 00:00:00', '0000-00-00 00:00:00', NULL),
(150, 13, 'Canaempu: Públicos - Régimen 5', '0000-00-00 00:00:00', '0000-00-00 00:00:00', NULL),
(151, 13, 'Canaempu: Públicos - Régimen 6', '0000-00-00 00:00:00', '0000-00-00 00:00:00', NULL),
(152, 13, 'Canaempu: Públicos - Régimen 8', '0000-00-00 00:00:00', '0000-00-00 00:00:00', NULL),
(153, 13, 'Canaempu: Públicos - Régimen 9', '0000-00-00 00:00:00', '0000-00-00 00:00:00', NULL),
(154, 13, 'Canaempu: Públicos - Régimen 10', '0000-00-00 00:00:00', '0000-00-00 00:00:00', NULL),
(155, 13, 'Canaempu: Públicos - Régimen 11', '0000-00-00 00:00:00', '0000-00-00 00:00:00', NULL),
(156, 13, 'Canaempu: Públicos - Régimen 12', '0000-00-00 00:00:00', '0000-00-00 00:00:00', NULL),
(157, 13, 'Canaempu: Públicos - Régimen 21', '0000-00-00 00:00:00', '0000-00-00 00:00:00', NULL),
(158, 13, 'Canaempu: Públicos - Régimen 22', '0000-00-00 00:00:00', '0000-00-00 00:00:00', NULL),
(159, 13, 'Canaempu: Públicos - Régimen 23', '0000-00-00 00:00:00', '0000-00-00 00:00:00', NULL),
(160, 13, 'Canaempu: Públicos - Régimen 25', '0000-00-00 00:00:00', '0000-00-00 00:00:00', NULL),
(161, 13, 'Canaempu: Públicos - Régimen 26', '0000-00-00 00:00:00', '0000-00-00 00:00:00', NULL),
(162, 13, 'Canaempu: Públicos - Régimen 28', '0000-00-00 00:00:00', '0000-00-00 00:00:00', NULL),
(163, 13, 'Canaempu: Públicos - Régimen 29', '0000-00-00 00:00:00', '0000-00-00 00:00:00', NULL),
(164, 13, 'Canaempu: Públicos - Régimen 30', '0000-00-00 00:00:00', '0000-00-00 00:00:00', NULL),
(165, 13, 'Canaempu: Públicos - Régimen 31', '0000-00-00 00:00:00', '0000-00-00 00:00:00', NULL),
(166, 13, 'Canaempu: Públicos - Régimen 23', '0000-00-00 00:00:00', '0000-00-00 00:00:00', NULL),
(167, 13, 'Canaempu: Públicos - Régimen 38', '0000-00-00 00:00:00', '0000-00-00 00:00:00', NULL),
(168, 13, 'Caprebech - Régimen 1', '0000-00-00 00:00:00', '0000-00-00 00:00:00', NULL),
(169, 13, 'Caprebech - Régimen 3', '0000-00-00 00:00:00', '0000-00-00 00:00:00', NULL),
(170, 13, 'Caprebech - Régimen 14', '0000-00-00 00:00:00', '0000-00-00 00:00:00', NULL),
(171, 13, 'Caprebech - Régimen 21', '0000-00-00 00:00:00', '0000-00-00 00:00:00', NULL),
(172, 13, 'Caprebech - Régimen 34', '0000-00-00 00:00:00', '0000-00-00 00:00:00', NULL),
(173, 13, 'Capremer - Régimen 1', '0000-00-00 00:00:00', '0000-00-00 00:00:00', NULL),
(174, 13, 'Capremer - Régimen 2', '0000-00-00 00:00:00', '0000-00-00 00:00:00', NULL),
(175, 13, 'Capremer - Régimen 3', '0000-00-00 00:00:00', '0000-00-00 00:00:00', NULL),
(176, 13, 'Capremer - Régimen 4', '0000-00-00 00:00:00', '0000-00-00 00:00:00', NULL),
(177, 13, 'Capremer - Régimen 5', '0000-00-00 00:00:00', '0000-00-00 00:00:00', NULL),
(178, 13, 'Capremer - Régimen 6', '0000-00-00 00:00:00', '0000-00-00 00:00:00', NULL),
(179, 13, 'Capremer - Régimen 8', '0000-00-00 00:00:00', '0000-00-00 00:00:00', NULL),
(180, 13, 'Copremusa EE - Régimen 1', '0000-00-00 00:00:00', '0000-00-00 00:00:00', NULL),
(181, 13, 'Copremusa EE - Régimen 2', '0000-00-00 00:00:00', '0000-00-00 00:00:00', NULL),
(182, 13, 'Copremusa EE - Régimen 3', '0000-00-00 00:00:00', '0000-00-00 00:00:00', NULL),
(183, 13, 'Diomp - Régimen 1', '0000-00-00 00:00:00', '0000-00-00 00:00:00', NULL),
(184, 13, 'EE Municipales de la República - Régimen 1', '0000-00-00 00:00:00', '0000-00-00 00:00:00', NULL),
(185, 13, 'EE Municipales de la República - Régimen 2', '0000-00-00 00:00:00', '0000-00-00 00:00:00', NULL),
(186, 13, 'EE Municipales de la República - Régimen 3', '0000-00-00 00:00:00', '0000-00-00 00:00:00', NULL),
(187, 13, 'EE Municipales de la República - Régimen 4', '0000-00-00 00:00:00', '0000-00-00 00:00:00', NULL),
(188, 13, 'EE Salitre - Régimen 1', '0000-00-00 00:00:00', '0000-00-00 00:00:00', NULL),
(189, 13, 'EE Salitre - Régimen 2', '0000-00-00 00:00:00', '0000-00-00 00:00:00', NULL),
(190, 13, 'Empart - Régimen 1', '0000-00-00 00:00:00', '0000-00-00 00:00:00', NULL),
(191, 13, 'Empart - Régimen 2', '0000-00-00 00:00:00', '0000-00-00 00:00:00', NULL),
(192, 13, 'Empart - Régimen 3', '0000-00-00 00:00:00', '0000-00-00 00:00:00', NULL),
(193, 13, 'Empart - Régimen 4', '0000-00-00 00:00:00', '0000-00-00 00:00:00', NULL),
(194, 13, 'Empart - Régimen 6', '0000-00-00 00:00:00', '0000-00-00 00:00:00', NULL),
(195, 13, 'Empleados de Emos - Régimen 1', '0000-00-00 00:00:00', '0000-00-00 00:00:00', NULL),
(196, 13, 'Hípica Nacional - Régimen 1', '0000-00-00 00:00:00', '0000-00-00 00:00:00', NULL),
(197, 13, 'Hípica Nacional - Régimen 2', '0000-00-00 00:00:00', '0000-00-00 00:00:00', NULL),
(198, 13, 'Hípica Nacional - Régimen 3', '0000-00-00 00:00:00', '0000-00-00 00:00:00', NULL),
(199, 13, 'Hípica Nacional - Régimen 4', '0000-00-00 00:00:00', '0000-00-00 00:00:00', NULL),
(200, 13, 'Mauricio, Hochschild - Régimen 1', '0000-00-00 00:00:00', '0000-00-00 00:00:00', NULL),
(201, 13, 'Mauricio, Hochschild - Régimen 2', '0000-00-00 00:00:00', '0000-00-00 00:00:00', NULL),
(202, 13, 'Obreros de Emos - Régimen 1', '0000-00-00 00:00:00', '0000-00-00 00:00:00', NULL),
(203, 13, 'OO Municipales de la República - Régimen 1', '0000-00-00 00:00:00', '0000-00-00 00:00:00', NULL),
(204, 13, 'OO Municipales de la República - Régimen 2', '0000-00-00 00:00:00', '0000-00-00 00:00:00', NULL),
(205, 13, 'OO Municipales de la República - Régimen 3', '0000-00-00 00:00:00', '0000-00-00 00:00:00', NULL),
(206, 13, 'Sección Esp. Perevisión Empleados - Régimen 1', '0000-00-00 00:00:00', '0000-00-00 00:00:00', NULL),
(207, 13, 'Sección Esp. Perevisión Empleados - Régimen 2', '0000-00-00 00:00:00', '0000-00-00 00:00:00', NULL),
(208, 13, 'Secgaso - Régimen 1', '0000-00-00 00:00:00', '0000-00-00 00:00:00', NULL),
(209, 13, 'Secgaso - Régimen 2', '0000-00-00 00:00:00', '0000-00-00 00:00:00', NULL),
(210, 13, 'Servicios de Seguro Social - Régimen 1', '0000-00-00 00:00:00', '0000-00-00 00:00:00', NULL),
(211, 13, 'Servicios de Seguro Social - Régimen 2', '0000-00-00 00:00:00', '0000-00-00 00:00:00', NULL),
(212, 13, 'Triomar - Régimen 1', '0000-00-00 00:00:00', '0000-00-00 00:00:00', NULL),
(213, 13, 'Triomar - Régimen 2', '0000-00-00 00:00:00', '0000-00-00 00:00:00', NULL),
(214, 13, 'Triomar - Régimen 3', '0000-00-00 00:00:00', '0000-00-00 00:00:00', NULL),
(215, 13, 'Triomar - Régimen 4', '0000-00-00 00:00:00', '0000-00-00 00:00:00', NULL),
(216, 14, 'Empart', '0000-00-00 00:00:00', '0000-00-00 00:00:00', NULL),
(217, 14, 'Bancaria', '0000-00-00 00:00:00', '0000-00-00 00:00:00', NULL),
(218, 14, 'Bancaria', '0000-00-00 00:00:00', '0000-00-00 00:00:00', NULL),
(219, 14, 'Bancaria', '0000-00-00 00:00:00', '0000-00-00 00:00:00', NULL),
(220, 14, 'Caprebech', '0000-00-00 00:00:00', '0000-00-00 00:00:00', NULL),
(221, 14, 'Caprebech', '0000-00-00 00:00:00', '0000-00-00 00:00:00', NULL),
(222, 14, 'Caprebech', '0000-00-00 00:00:00', '0000-00-00 00:00:00', NULL),
(223, 14, 'Capremer', '0000-00-00 00:00:00', '0000-00-00 00:00:00', NULL),
(224, 14, 'Capremer', '0000-00-00 00:00:00', '0000-00-00 00:00:00', NULL),
(225, 14, 'Servicios de Seguro Social', '0000-00-00 00:00:00', '0000-00-00 00:00:00', NULL),
(226, 14, 'Caja Ferro', '0000-00-00 00:00:00', '0000-00-00 00:00:00', NULL),
(227, 14, 'Canaempu: Públicos', '0000-00-00 00:00:00', '0000-00-00 00:00:00', NULL),
(228, 14, 'Canaempu: Públicos', '0000-00-00 00:00:00', '0000-00-00 00:00:00', NULL),
(229, 14, 'Canaempu: Públicos', '0000-00-00 00:00:00', '0000-00-00 00:00:00', NULL),
(230, 14, 'Canaempu: Públicos', '0000-00-00 00:00:00', '0000-00-00 00:00:00', NULL),
(231, 14, 'Canaempu: Periodistas', '0000-00-00 00:00:00', '0000-00-00 00:00:00', NULL),
(232, 14, 'Canaempu: Periodistas', '0000-00-00 00:00:00', '0000-00-00 00:00:00', NULL),
(233, 14, 'Canaempu: Periodistas', '0000-00-00 00:00:00', '0000-00-00 00:00:00', NULL),
(234, 14, 'Copremusa EE', '0000-00-00 00:00:00', '0000-00-00 00:00:00', NULL),
(235, 14, 'Copremusa EE', '0000-00-00 00:00:00', '0000-00-00 00:00:00', NULL),
(236, 14, 'Caja de Previsión Social de los EE', '0000-00-00 00:00:00', '0000-00-00 00:00:00', NULL),
(237, 14, 'Caja de Previsión Social de los EE', '0000-00-00 00:00:00', '0000-00-00 00:00:00', NULL),
(238, 14, 'EE Municipales de la República', '0000-00-00 00:00:00', '0000-00-00 00:00:00', NULL),
(239, 14, 'Diomp', '0000-00-00 00:00:00', '0000-00-00 00:00:00', NULL),
(240, 15, 'Sin Isapre', '0000-00-00 00:00:00', '0000-00-00 00:00:00', NULL),
(241, 15, 'Banmédica', '0000-00-00 00:00:00', '0000-00-00 00:00:00', NULL),
(242, 15, 'Consalud', '0000-00-00 00:00:00', '0000-00-00 00:00:00', NULL),
(243, 15, 'VidaTres', '0000-00-00 00:00:00', '0000-00-00 00:00:00', NULL),
(244, 15, 'Colmena', '0000-00-00 00:00:00', '0000-00-00 00:00:00', NULL),
(245, 15, 'Isapre Cruz Blanca S.A.', '0000-00-00 00:00:00', '0000-00-00 00:00:00', NULL),
(246, 15, 'Fonasa', '0000-00-00 00:00:00', '0000-00-00 00:00:00', NULL),
(247, 15, 'Chuquicamata', '0000-00-00 00:00:00', '0000-00-00 00:00:00', NULL),
(248, 15, 'Óptima Isapre (Ex Ferrosalud)', '0000-00-00 00:00:00', '0000-00-00 00:00:00', NULL),
(249, 15, 'Institución de Salud Previsional Fusat Ltda.', '0000-00-00 00:00:00', '0000-00-00 00:00:00', NULL),
(250, 15, 'Isapre Bco. Estado', '0000-00-00 00:00:00', '0000-00-00 00:00:00', NULL),
(251, 15, 'Más Vida', '0000-00-00 00:00:00', '0000-00-00 00:00:00', NULL),
(252, 15, 'Río Blanco', '0000-00-00 00:00:00', '0000-00-00 00:00:00', NULL),
(253, 15, 'San Lorenzo Isapre Ltda', '0000-00-00 00:00:00', '0000-00-00 00:00:00', NULL),
(254, 15, 'Cruz del Norte', '0000-00-00 00:00:00', '0000-00-00 00:00:00', NULL),
(255, 16, 'Pesos', '0000-00-00 00:00:00', '0000-00-00 00:00:00', NULL),
(256, 16, 'UF', '0000-00-00 00:00:00', '0000-00-00 00:00:00', NULL),
(257, 17, 'Sin CCAF', '0000-00-00 00:00:00', '0000-00-00 00:00:00', NULL),
(258, 17, 'Los Andes', '0000-00-00 00:00:00', '0000-00-00 00:00:00', NULL),
(259, 17, 'La Araucana', '0000-00-00 00:00:00', '0000-00-00 00:00:00', NULL),
(260, 17, 'Los Héroes', '0000-00-00 00:00:00', '0000-00-00 00:00:00', NULL),
(261, 17, 'Gabriela Mistral', '0000-00-00 00:00:00', '0000-00-00 00:00:00', NULL),
(262, 17, '18 de Septiembre', '0000-00-00 00:00:00', '0000-00-00 00:00:00', NULL),
(263, 18, 'Sin Mutual - Empresa entrega aporte Accidentes del Trabajo al ISL', '0000-00-00 00:00:00', '0000-00-00 00:00:00', NULL),
(264, 18, 'Asociación Chilena de Seguridad (ACHS)', '0000-00-00 00:00:00', '0000-00-00 00:00:00', NULL),
(265, 18, 'Mutual de Seguridad CCHC', '0000-00-00 00:00:00', '0000-00-00 00:00:00', NULL),
(266, 18, 'Instituto de Seguridad del Trabajo I.S.T.', '0000-00-00 00:00:00', '0000-00-00 00:00:00', NULL),
(267, 19, 'Banmédica', '0000-00-00 00:00:00', '0000-00-00 00:00:00', NULL),
(268, 19, 'Consalud', '0000-00-00 00:00:00', '0000-00-00 00:00:00', NULL),
(269, 19, 'Vida Tres', '0000-00-00 00:00:00', '0000-00-00 00:00:00', NULL),
(270, 19, 'Colmena', '0000-00-00 00:00:00', '0000-00-00 00:00:00', NULL),
(271, 19, 'Isapre Cruz Blanca S.A.', '0000-00-00 00:00:00', '0000-00-00 00:00:00', NULL),
(272, 19, 'Fonasa', '0000-00-00 00:00:00', '0000-00-00 00:00:00', NULL),
(273, 19, 'Chuquicamata', '0000-00-00 00:00:00', '0000-00-00 00:00:00', NULL),
(274, 19, 'Óptima Isapre (Ex Ferrosalud)', '0000-00-00 00:00:00', '0000-00-00 00:00:00', NULL),
(275, 19, 'Institución de Salud Previsional Fusat Ltda.', '0000-00-00 00:00:00', '0000-00-00 00:00:00', NULL),
(276, 19, 'Isapre Bco. Estado', '0000-00-00 00:00:00', '0000-00-00 00:00:00', NULL),
(277, 19, 'Más Vida', '0000-00-00 00:00:00', '0000-00-00 00:00:00', NULL),
(278, 19, 'Río Blanco ', '0000-00-00 00:00:00', '0000-00-00 00:00:00', NULL),
(279, 19, 'San Lorenzo Isapre Ltda', '0000-00-00 00:00:00', '0000-00-00 00:00:00', NULL),
(280, 19, 'Cruz del Norte', '0000-00-00 00:00:00', '0000-00-00 00:00:00', NULL),
(281, 19, 'Asociación Chilena de Seguridad (ACHS)', '0000-00-00 00:00:00', '0000-00-00 00:00:00', NULL),
(282, 19, 'Mutual de Seguridad CCHC', '0000-00-00 00:00:00', '0000-00-00 00:00:00', NULL),
(283, 19, 'Instituto de Seguridad del Trabajo I.S.T.', '0000-00-00 00:00:00', '0000-00-00 00:00:00', NULL),
(284, 19, 'Instituto de Seguridad Laboral I.S.L.', '0000-00-00 00:00:00', '0000-00-00 00:00:00', NULL);

-- --------------------------------------------------------

--
-- Estructura de tabla para la tabla `tipos_estructura_glosa_recaudador`
--

CREATE TABLE IF NOT EXISTS `tipos_estructura_glosa_recaudador` (
  `id` int(11) NOT NULL AUTO_INCREMENT,
  `glosa_id` int(11) NOT NULL,
  `recaudador_id` int(11) NOT NULL,
  `codigo` varchar(255) DEFAULT NULL,
  `created_at` datetime NOT NULL DEFAULT '0000-00-00 00:00:00',
  `updated_at` datetime NOT NULL DEFAULT '0000-00-00 00:00:00',
  `deleted_at` datetime DEFAULT NULL,
  PRIMARY KEY (`id`)
) ENGINE=MyISAM  DEFAULT CHARSET=latin1 AUTO_INCREMENT=285 ;

--
-- Volcado de datos para la tabla `tipos_estructura_glosa_recaudador`
--

INSERT INTO `tipos_estructura_glosa_recaudador` (`id`, `glosa_id`, `recaudador_id`, `codigo`, `created_at`, `updated_at`, `deleted_at`) VALUES
(1, 1, 1, 'M', '0000-00-00 00:00:00', '0000-00-00 00:00:00', NULL),
(2, 2, 1, 'F', '0000-00-00 00:00:00', '0000-00-00 00:00:00', NULL),
(3, 3, 1, '0', '0000-00-00 00:00:00', '0000-00-00 00:00:00', NULL),
(4, 4, 1, '1', '0000-00-00 00:00:00', '0000-00-00 00:00:00', NULL),
(5, 5, 1, '01', '0000-00-00 00:00:00', '0000-00-00 00:00:00', NULL),
(6, 6, 1, '02', '0000-00-00 00:00:00', '0000-00-00 00:00:00', NULL),
(7, 7, 1, '03', '0000-00-00 00:00:00', '0000-00-00 00:00:00', NULL),
(8, 8, 1, 'AFP', '0000-00-00 00:00:00', '0000-00-00 00:00:00', NULL),
(9, 9, 1, 'INP', '0000-00-00 00:00:00', '0000-00-00 00:00:00', NULL),
(10, 10, 1, 'SIP', '0000-00-00 00:00:00', '0000-00-00 00:00:00', NULL),
(11, 11, 1, '0', '0000-00-00 00:00:00', '0000-00-00 00:00:00', NULL),
(12, 12, 1, '1', '0000-00-00 00:00:00', '0000-00-00 00:00:00', NULL),
(13, 13, 1, '2', '0000-00-00 00:00:00', '0000-00-00 00:00:00', NULL),
(14, 14, 1, '3', '0000-00-00 00:00:00', '0000-00-00 00:00:00', NULL),
(15, 15, 1, '00', '0000-00-00 00:00:00', '0000-00-00 00:00:00', NULL),
(16, 16, 1, '01', '0000-00-00 00:00:00', '0000-00-00 00:00:00', NULL),
(17, 17, 1, '02', '0000-00-00 00:00:00', '0000-00-00 00:00:00', NULL),
(18, 18, 1, '03', '0000-00-00 00:00:00', '0000-00-00 00:00:00', NULL),
(19, 19, 1, '0', '0000-00-00 00:00:00', '0000-00-00 00:00:00', NULL),
(20, 20, 1, '1', '0000-00-00 00:00:00', '0000-00-00 00:00:00', NULL),
(21, 21, 1, '2', '0000-00-00 00:00:00', '0000-00-00 00:00:00', NULL),
(22, 22, 1, '3', '0000-00-00 00:00:00', '0000-00-00 00:00:00', NULL),
(23, 23, 1, '4', '0000-00-00 00:00:00', '0000-00-00 00:00:00', NULL),
(24, 24, 1, '5', '0000-00-00 00:00:00', '0000-00-00 00:00:00', NULL),
(25, 25, 1, '6', '0000-00-00 00:00:00', '0000-00-00 00:00:00', NULL),
(26, 26, 1, '7', '0000-00-00 00:00:00', '0000-00-00 00:00:00', NULL),
(27, 27, 1, '8', '0000-00-00 00:00:00', '0000-00-00 00:00:00', NULL),
(28, 28, 1, '11', '0000-00-00 00:00:00', '0000-00-00 00:00:00', NULL),
(29, 29, 1, '12', '0000-00-00 00:00:00', '0000-00-00 00:00:00', NULL),
(30, 30, 1, 'A', '0000-00-00 00:00:00', '0000-00-00 00:00:00', NULL),
(31, 31, 1, 'B', '0000-00-00 00:00:00', '0000-00-00 00:00:00', NULL),
(32, 32, 1, 'C', '0000-00-00 00:00:00', '0000-00-00 00:00:00', NULL),
(33, 33, 1, 'D', '0000-00-00 00:00:00', '0000-00-00 00:00:00', NULL),
(34, 34, 1, 'Sin Info', '0000-00-00 00:00:00', '0000-00-00 00:00:00', NULL),
(35, 35, 1, '00', '0000-00-00 00:00:00', '0000-00-00 00:00:00', NULL),
(36, 36, 1, '03', '0000-00-00 00:00:00', '0000-00-00 00:00:00', NULL),
(37, 37, 1, '05', '0000-00-00 00:00:00', '0000-00-00 00:00:00', NULL),
(38, 38, 1, '08', '0000-00-00 00:00:00', '0000-00-00 00:00:00', NULL),
(39, 39, 1, '29', '0000-00-00 00:00:00', '0000-00-00 00:00:00', NULL),
(40, 40, 1, '33', '0000-00-00 00:00:00', '0000-00-00 00:00:00', NULL),
(41, 41, 1, '34', '0000-00-00 00:00:00', '0000-00-00 00:00:00', NULL),
(42, 42, 1, '000', '0000-00-00 00:00:00', '0000-00-00 00:00:00', NULL),
(43, 43, 1, '003', '0000-00-00 00:00:00', '0000-00-00 00:00:00', NULL),
(44, 44, 1, '005', '0000-00-00 00:00:00', '0000-00-00 00:00:00', NULL),
(45, 45, 1, '008', '0000-00-00 00:00:00', '0000-00-00 00:00:00', NULL),
(46, 46, 1, '029', '0000-00-00 00:00:00', '0000-00-00 00:00:00', NULL),
(47, 47, 1, '033', '0000-00-00 00:00:00', '0000-00-00 00:00:00', NULL),
(48, 48, 1, '034', '0000-00-00 00:00:00', '0000-00-00 00:00:00', NULL),
(49, 49, 1, '100', '0000-00-00 00:00:00', '0000-00-00 00:00:00', NULL),
(50, 50, 1, '101', '0000-00-00 00:00:00', '0000-00-00 00:00:00', NULL),
(51, 51, 1, '102', '0000-00-00 00:00:00', '0000-00-00 00:00:00', NULL),
(52, 52, 1, '103', '0000-00-00 00:00:00', '0000-00-00 00:00:00', NULL),
(53, 53, 1, '104', '0000-00-00 00:00:00', '0000-00-00 00:00:00', NULL),
(54, 54, 1, '105', '0000-00-00 00:00:00', '0000-00-00 00:00:00', NULL),
(55, 55, 1, '106', '0000-00-00 00:00:00', '0000-00-00 00:00:00', NULL),
(56, 56, 1, '107', '0000-00-00 00:00:00', '0000-00-00 00:00:00', NULL),
(57, 57, 1, '108', '0000-00-00 00:00:00', '0000-00-00 00:00:00', NULL),
(58, 58, 1, '109', '0000-00-00 00:00:00', '0000-00-00 00:00:00', NULL),
(59, 59, 1, '110', '0000-00-00 00:00:00', '0000-00-00 00:00:00', NULL),
(60, 60, 1, '111', '0000-00-00 00:00:00', '0000-00-00 00:00:00', NULL),
(61, 61, 1, '113', '0000-00-00 00:00:00', '0000-00-00 00:00:00', NULL),
(62, 62, 1, '115', '0000-00-00 00:00:00', '0000-00-00 00:00:00', NULL),
(63, 63, 1, '116', '0000-00-00 00:00:00', '0000-00-00 00:00:00', NULL),
(64, 64, 1, '117', '0000-00-00 00:00:00', '0000-00-00 00:00:00', NULL),
(65, 65, 1, '118', '0000-00-00 00:00:00', '0000-00-00 00:00:00', NULL),
(66, 66, 1, '121', '0000-00-00 00:00:00', '0000-00-00 00:00:00', NULL),
(67, 67, 1, '123', '0000-00-00 00:00:00', '0000-00-00 00:00:00', NULL),
(68, 68, 1, '125', '0000-00-00 00:00:00', '0000-00-00 00:00:00', NULL),
(69, 69, 1, '126', '0000-00-00 00:00:00', '0000-00-00 00:00:00', NULL),
(70, 70, 1, '127', '0000-00-00 00:00:00', '0000-00-00 00:00:00', NULL),
(71, 71, 1, '128', '0000-00-00 00:00:00', '0000-00-00 00:00:00', NULL),
(72, 72, 1, '129', '0000-00-00 00:00:00', '0000-00-00 00:00:00', NULL),
(73, 73, 1, '130', '0000-00-00 00:00:00', '0000-00-00 00:00:00', NULL),
(74, 74, 1, '131', '0000-00-00 00:00:00', '0000-00-00 00:00:00', NULL),
(75, 75, 1, '134', '0000-00-00 00:00:00', '0000-00-00 00:00:00', NULL),
(76, 76, 1, '135', '0000-00-00 00:00:00', '0000-00-00 00:00:00', NULL),
(77, 77, 1, '136', '0000-00-00 00:00:00', '0000-00-00 00:00:00', NULL),
(78, 78, 1, '201', '0000-00-00 00:00:00', '0000-00-00 00:00:00', NULL),
(79, 79, 1, '203', '0000-00-00 00:00:00', '0000-00-00 00:00:00', NULL),
(80, 80, 1, '204', '0000-00-00 00:00:00', '0000-00-00 00:00:00', NULL),
(81, 81, 1, '205', '0000-00-00 00:00:00', '0000-00-00 00:00:00', NULL),
(82, 82, 1, '208', '0000-00-00 00:00:00', '0000-00-00 00:00:00', NULL),
(83, 83, 1, '210', '0000-00-00 00:00:00', '0000-00-00 00:00:00', NULL),
(84, 84, 1, '213', '0000-00-00 00:00:00', '0000-00-00 00:00:00', NULL),
(85, 85, 1, '214', '0000-00-00 00:00:00', '0000-00-00 00:00:00', NULL),
(86, 86, 1, '215', '0000-00-00 00:00:00', '0000-00-00 00:00:00', NULL),
(87, 87, 1, '217', '0000-00-00 00:00:00', '0000-00-00 00:00:00', NULL),
(88, 88, 1, '218', '0000-00-00 00:00:00', '0000-00-00 00:00:00', NULL),
(89, 89, 1, '222', '0000-00-00 00:00:00', '0000-00-00 00:00:00', NULL),
(90, 90, 1, '224', '0000-00-00 00:00:00', '0000-00-00 00:00:00', NULL),
(91, 91, 1, '225', '0000-00-00 00:00:00', '0000-00-00 00:00:00', NULL),
(92, 92, 1, '227', '0000-00-00 00:00:00', '0000-00-00 00:00:00', NULL),
(93, 93, 1, '228', '0000-00-00 00:00:00', '0000-00-00 00:00:00', NULL),
(94, 94, 1, '229', '0000-00-00 00:00:00', '0000-00-00 00:00:00', NULL),
(95, 95, 1, '231', '0000-00-00 00:00:00', '0000-00-00 00:00:00', NULL),
(96, 96, 1, '232', '0000-00-00 00:00:00', '0000-00-00 00:00:00', NULL),
(97, 97, 1, '234', '0000-00-00 00:00:00', '0000-00-00 00:00:00', NULL),
(98, 98, 1, '235', '0000-00-00 00:00:00', '0000-00-00 00:00:00', NULL),
(99, 99, 1, '600', '0000-00-00 00:00:00', '0000-00-00 00:00:00', NULL),
(100, 100, 1, '601', '0000-00-00 00:00:00', '0000-00-00 00:00:00', NULL),
(101, 101, 1, '321', '0000-00-00 00:00:00', '0000-00-00 00:00:00', NULL),
(102, 102, 1, '1', '0000-00-00 00:00:00', '0000-00-00 00:00:00', NULL),
(103, 103, 1, '2', '0000-00-00 00:00:00', '0000-00-00 00:00:00', NULL),
(104, 104, 1, '10', '0000-00-00 00:00:00', '0000-00-00 00:00:00', NULL),
(105, 105, 1, '000', '0000-00-00 00:00:00', '0000-00-00 00:00:00', NULL),
(106, 106, 1, '0201', '0000-00-00 00:00:00', '0000-00-00 00:00:00', NULL),
(107, 107, 1, '0202', '0000-00-00 00:00:00', '0000-00-00 00:00:00', NULL),
(108, 108, 1, '0203', '0000-00-00 00:00:00', '0000-00-00 00:00:00', NULL),
(109, 109, 1, '0214', '0000-00-00 00:00:00', '0000-00-00 00:00:00', NULL),
(110, 110, 1, '0221', '0000-00-00 00:00:00', '0000-00-00 00:00:00', NULL),
(111, 111, 1, '0234', '0000-00-00 00:00:00', '0000-00-00 00:00:00', NULL),
(112, 112, 1, '2201', '0000-00-00 00:00:00', '0000-00-00 00:00:00', NULL),
(113, 113, 1, '2202', '0000-00-00 00:00:00', '0000-00-00 00:00:00', NULL),
(114, 114, 1, '1601', '0000-00-00 00:00:00', '0000-00-00 00:00:00', NULL),
(115, 115, 1, '1602', '0000-00-00 00:00:00', '0000-00-00 00:00:00', NULL),
(116, 116, 1, '1202', '0000-00-00 00:00:00', '0000-00-00 00:00:00', NULL),
(117, 117, 1, '1203', '0000-00-00 00:00:00', '0000-00-00 00:00:00', NULL),
(118, 118, 1, '1204', '0000-00-00 00:00:00', '0000-00-00 00:00:00', NULL),
(119, 119, 1, '1205', '0000-00-00 00:00:00', '0000-00-00 00:00:00', NULL),
(120, 120, 1, '1207', '0000-00-00 00:00:00', '0000-00-00 00:00:00', NULL),
(121, 121, 1, '1401', '0000-00-00 00:00:00', '0000-00-00 00:00:00', NULL),
(122, 122, 1, '1402', '0000-00-00 00:00:00', '0000-00-00 00:00:00', NULL),
(123, 123, 1, '1403', '0000-00-00 00:00:00', '0000-00-00 00:00:00', NULL),
(124, 124, 1, '1404', '0000-00-00 00:00:00', '0000-00-00 00:00:00', NULL),
(125, 125, 1, '1405', '0000-00-00 00:00:00', '0000-00-00 00:00:00', NULL),
(126, 126, 1, '1406', '0000-00-00 00:00:00', '0000-00-00 00:00:00', NULL),
(127, 127, 1, '1407', '0000-00-00 00:00:00', '0000-00-00 00:00:00', NULL),
(128, 128, 1, '1408', '0000-00-00 00:00:00', '0000-00-00 00:00:00', NULL),
(129, 129, 1, '1411', '0000-00-00 00:00:00', '0000-00-00 00:00:00', NULL),
(130, 130, 1, '1412', '0000-00-00 00:00:00', '0000-00-00 00:00:00', NULL),
(131, 131, 1, '1413', '0000-00-00 00:00:00', '0000-00-00 00:00:00', NULL),
(132, 132, 1, '1414', '0000-00-00 00:00:00', '0000-00-00 00:00:00', NULL),
(133, 133, 1, '1415', '0000-00-00 00:00:00', '0000-00-00 00:00:00', NULL),
(134, 134, 1, '1416', '0000-00-00 00:00:00', '0000-00-00 00:00:00', NULL),
(135, 135, 1, '1417', '0000-00-00 00:00:00', '0000-00-00 00:00:00', NULL),
(136, 136, 1, '1418', '0000-00-00 00:00:00', '0000-00-00 00:00:00', NULL),
(137, 137, 1, '1421', '0000-00-00 00:00:00', '0000-00-00 00:00:00', NULL),
(138, 138, 1, '1422', '0000-00-00 00:00:00', '0000-00-00 00:00:00', NULL),
(139, 139, 1, '1423', '0000-00-00 00:00:00', '0000-00-00 00:00:00', NULL),
(140, 140, 1, '1424', '0000-00-00 00:00:00', '0000-00-00 00:00:00', NULL),
(141, 141, 1, '1425', '0000-00-00 00:00:00', '0000-00-00 00:00:00', NULL),
(142, 142, 1, '1426', '0000-00-00 00:00:00', '0000-00-00 00:00:00', NULL),
(143, 143, 1, '1431', '0000-00-00 00:00:00', '0000-00-00 00:00:00', NULL),
(144, 144, 1, '1432', '0000-00-00 00:00:00', '0000-00-00 00:00:00', NULL),
(145, 145, 1, '1433', '0000-00-00 00:00:00', '0000-00-00 00:00:00', NULL),
(146, 146, 1, '1434', '0000-00-00 00:00:00', '0000-00-00 00:00:00', NULL),
(147, 147, 1, '1301', '0000-00-00 00:00:00', '0000-00-00 00:00:00', NULL),
(148, 148, 1, '1302', '0000-00-00 00:00:00', '0000-00-00 00:00:00', NULL),
(149, 149, 1, '1303', '0000-00-00 00:00:00', '0000-00-00 00:00:00', NULL),
(150, 150, 1, '1305', '0000-00-00 00:00:00', '0000-00-00 00:00:00', NULL),
(151, 151, 1, '1306', '0000-00-00 00:00:00', '0000-00-00 00:00:00', NULL),
(152, 152, 1, '1308', '0000-00-00 00:00:00', '0000-00-00 00:00:00', NULL),
(153, 153, 1, '1309', '0000-00-00 00:00:00', '0000-00-00 00:00:00', NULL),
(154, 154, 1, '1310', '0000-00-00 00:00:00', '0000-00-00 00:00:00', NULL),
(155, 155, 1, '1311', '0000-00-00 00:00:00', '0000-00-00 00:00:00', NULL),
(156, 156, 1, '1312', '0000-00-00 00:00:00', '0000-00-00 00:00:00', NULL),
(157, 157, 1, '1321', '0000-00-00 00:00:00', '0000-00-00 00:00:00', NULL),
(158, 158, 1, '1322', '0000-00-00 00:00:00', '0000-00-00 00:00:00', NULL),
(159, 159, 1, '1323', '0000-00-00 00:00:00', '0000-00-00 00:00:00', NULL),
(160, 160, 1, '1325', '0000-00-00 00:00:00', '0000-00-00 00:00:00', NULL),
(161, 161, 1, '1326', '0000-00-00 00:00:00', '0000-00-00 00:00:00', NULL),
(162, 162, 1, '1328', '0000-00-00 00:00:00', '0000-00-00 00:00:00', NULL),
(163, 163, 1, '1329', '0000-00-00 00:00:00', '0000-00-00 00:00:00', NULL),
(164, 164, 1, '1330', '0000-00-00 00:00:00', '0000-00-00 00:00:00', NULL),
(165, 165, 1, '1331', '0000-00-00 00:00:00', '0000-00-00 00:00:00', NULL),
(166, 166, 1, '1332', '0000-00-00 00:00:00', '0000-00-00 00:00:00', NULL),
(167, 167, 1, '1338', '0000-00-00 00:00:00', '0000-00-00 00:00:00', NULL),
(168, 168, 1, '0501', '0000-00-00 00:00:00', '0000-00-00 00:00:00', NULL),
(169, 169, 1, '0503', '0000-00-00 00:00:00', '0000-00-00 00:00:00', NULL),
(170, 170, 1, '0514', '0000-00-00 00:00:00', '0000-00-00 00:00:00', NULL),
(171, 171, 1, '0521', '0000-00-00 00:00:00', '0000-00-00 00:00:00', NULL),
(172, 172, 1, '0534', '0000-00-00 00:00:00', '0000-00-00 00:00:00', NULL),
(173, 173, 1, '0601', '0000-00-00 00:00:00', '0000-00-00 00:00:00', NULL),
(174, 174, 1, '0602', '0000-00-00 00:00:00', '0000-00-00 00:00:00', NULL),
(175, 175, 1, '0603', '0000-00-00 00:00:00', '0000-00-00 00:00:00', NULL),
(176, 176, 1, '0604', '0000-00-00 00:00:00', '0000-00-00 00:00:00', NULL),
(177, 177, 1, '0605', '0000-00-00 00:00:00', '0000-00-00 00:00:00', NULL),
(178, 178, 1, '0606', '0000-00-00 00:00:00', '0000-00-00 00:00:00', NULL),
(179, 179, 1, '0608', '0000-00-00 00:00:00', '0000-00-00 00:00:00', NULL),
(180, 180, 1, '1501', '0000-00-00 00:00:00', '0000-00-00 00:00:00', NULL),
(181, 181, 1, '1502', '0000-00-00 00:00:00', '0000-00-00 00:00:00', NULL),
(182, 182, 1, '1503', '0000-00-00 00:00:00', '0000-00-00 00:00:00', NULL),
(183, 183, 1, '1901', '0000-00-00 00:00:00', '0000-00-00 00:00:00', NULL),
(184, 184, 1, '1701', '0000-00-00 00:00:00', '0000-00-00 00:00:00', NULL),
(185, 185, 1, '1702', '0000-00-00 00:00:00', '0000-00-00 00:00:00', NULL),
(186, 186, 1, '1703', '0000-00-00 00:00:00', '0000-00-00 00:00:00', NULL),
(187, 187, 1, '1704', '0000-00-00 00:00:00', '0000-00-00 00:00:00', NULL),
(188, 188, 1, '2001', '0000-00-00 00:00:00', '0000-00-00 00:00:00', NULL),
(189, 189, 1, '2002', '0000-00-00 00:00:00', '0000-00-00 00:00:00', NULL),
(190, 190, 1, '0101', '0000-00-00 00:00:00', '0000-00-00 00:00:00', NULL),
(191, 191, 1, '0102', '0000-00-00 00:00:00', '0000-00-00 00:00:00', NULL),
(192, 192, 1, '0103', '0000-00-00 00:00:00', '0000-00-00 00:00:00', NULL),
(193, 193, 1, '0104', '0000-00-00 00:00:00', '0000-00-00 00:00:00', NULL),
(194, 194, 1, '0106', '0000-00-00 00:00:00', '0000-00-00 00:00:00', NULL),
(195, 195, 1, '1001', '0000-00-00 00:00:00', '0000-00-00 00:00:00', NULL),
(196, 196, 1, '0801', '0000-00-00 00:00:00', '0000-00-00 00:00:00', NULL),
(197, 197, 1, '0802', '0000-00-00 00:00:00', '0000-00-00 00:00:00', NULL),
(198, 198, 1, '0803', '0000-00-00 00:00:00', '0000-00-00 00:00:00', NULL),
(199, 199, 1, '0804', '0000-00-00 00:00:00', '0000-00-00 00:00:00', NULL),
(200, 200, 1, '02301', '0000-00-00 00:00:00', '0000-00-00 00:00:00', NULL),
(201, 201, 1, '02302', '0000-00-00 00:00:00', '0000-00-00 00:00:00', NULL),
(202, 202, 1, '1101', '0000-00-00 00:00:00', '0000-00-00 00:00:00', NULL),
(203, 203, 1, '1801', '0000-00-00 00:00:00', '0000-00-00 00:00:00', NULL),
(204, 204, 1, '1802', '0000-00-00 00:00:00', '0000-00-00 00:00:00', NULL),
(205, 205, 1, '1803', '0000-00-00 00:00:00', '0000-00-00 00:00:00', NULL),
(206, 206, 1, '2101', '0000-00-00 00:00:00', '0000-00-00 00:00:00', NULL),
(207, 207, 1, '2102', '0000-00-00 00:00:00', '0000-00-00 00:00:00', NULL),
(208, 208, 1, '2401', '0000-00-00 00:00:00', '0000-00-00 00:00:00', NULL),
(209, 209, 1, '2402', '0000-00-00 00:00:00', '0000-00-00 00:00:00', NULL),
(210, 210, 1, '0901', '0000-00-00 00:00:00', '0000-00-00 00:00:00', NULL),
(211, 211, 1, '0902', '0000-00-00 00:00:00', '0000-00-00 00:00:00', NULL),
(212, 212, 1, '0701', '0000-00-00 00:00:00', '0000-00-00 00:00:00', NULL),
(213, 213, 1, '0702', '0000-00-00 00:00:00', '0000-00-00 00:00:00', NULL),
(214, 214, 1, '0703', '0000-00-00 00:00:00', '0000-00-00 00:00:00', NULL),
(215, 215, 1, '0704', '0000-00-00 00:00:00', '0000-00-00 00:00:00', NULL),
(216, 216, 1, '0101', '0000-00-00 00:00:00', '0000-00-00 00:00:00', NULL),
(217, 217, 1, '0201', '0000-00-00 00:00:00', '0000-00-00 00:00:00', NULL),
(218, 218, 1, '0202', '0000-00-00 00:00:00', '0000-00-00 00:00:00', NULL),
(219, 219, 1, '0203', '0000-00-00 00:00:00', '0000-00-00 00:00:00', NULL),
(220, 220, 1, '0501', '0000-00-00 00:00:00', '0000-00-00 00:00:00', NULL),
(221, 221, 1, '0502', '0000-00-00 00:00:00', '0000-00-00 00:00:00', NULL),
(222, 222, 1, '0503', '0000-00-00 00:00:00', '0000-00-00 00:00:00', NULL),
(223, 223, 1, '0601', '0000-00-00 00:00:00', '0000-00-00 00:00:00', NULL),
(224, 224, 1, '0603', '0000-00-00 00:00:00', '0000-00-00 00:00:00', NULL),
(225, 225, 1, '0902', '0000-00-00 00:00:00', '0000-00-00 00:00:00', NULL),
(226, 226, 1, '1204', '0000-00-00 00:00:00', '0000-00-00 00:00:00', NULL),
(227, 227, 1, '1303', '0000-00-00 00:00:00', '0000-00-00 00:00:00', NULL),
(228, 228, 1, '1311', '0000-00-00 00:00:00', '0000-00-00 00:00:00', NULL),
(229, 229, 1, '1343', '0000-00-00 00:00:00', '0000-00-00 00:00:00', NULL),
(230, 230, 1, '1363', '0000-00-00 00:00:00', '0000-00-00 00:00:00', NULL),
(231, 231, 1, '1401', '0000-00-00 00:00:00', '0000-00-00 00:00:00', NULL),
(232, 232, 1, '1402', '0000-00-00 00:00:00', '0000-00-00 00:00:00', NULL),
(233, 233, 1, '1406', '0000-00-00 00:00:00', '0000-00-00 00:00:00', NULL),
(234, 234, 1, '1501', '0000-00-00 00:00:00', '0000-00-00 00:00:00', NULL),
(235, 235, 1, '1503', '0000-00-00 00:00:00', '0000-00-00 00:00:00', NULL),
(236, 236, 1, '1601', '0000-00-00 00:00:00', '0000-00-00 00:00:00', NULL),
(237, 237, 1, '1602', '0000-00-00 00:00:00', '0000-00-00 00:00:00', NULL),
(238, 238, 1, '1701', '0000-00-00 00:00:00', '0000-00-00 00:00:00', NULL),
(239, 239, 1, '1901', '0000-00-00 00:00:00', '0000-00-00 00:00:00', NULL),
(240, 240, 1, '00', '0000-00-00 00:00:00', '0000-00-00 00:00:00', NULL),
(241, 241, 1, '01', '0000-00-00 00:00:00', '0000-00-00 00:00:00', NULL),
(242, 242, 1, '02', '0000-00-00 00:00:00', '0000-00-00 00:00:00', NULL),
(243, 243, 1, '03', '0000-00-00 00:00:00', '0000-00-00 00:00:00', NULL),
(244, 244, 1, '04', '0000-00-00 00:00:00', '0000-00-00 00:00:00', NULL),
(245, 245, 1, '05', '0000-00-00 00:00:00', '0000-00-00 00:00:00', NULL),
(246, 246, 1, '07', '0000-00-00 00:00:00', '0000-00-00 00:00:00', NULL),
(247, 247, 1, '09', '0000-00-00 00:00:00', '0000-00-00 00:00:00', NULL),
(248, 248, 1, '10', '0000-00-00 00:00:00', '0000-00-00 00:00:00', NULL),
(249, 249, 1, '11', '0000-00-00 00:00:00', '0000-00-00 00:00:00', NULL),
(250, 250, 1, '12', '0000-00-00 00:00:00', '0000-00-00 00:00:00', NULL),
(251, 251, 1, '17', '0000-00-00 00:00:00', '0000-00-00 00:00:00', NULL),
(252, 252, 1, '20', '0000-00-00 00:00:00', '0000-00-00 00:00:00', NULL),
(253, 253, 1, '21', '0000-00-00 00:00:00', '0000-00-00 00:00:00', NULL),
(254, 254, 1, '25', '0000-00-00 00:00:00', '0000-00-00 00:00:00', NULL),
(255, 255, 1, '1', '0000-00-00 00:00:00', '0000-00-00 00:00:00', NULL),
(256, 256, 1, '2', '0000-00-00 00:00:00', '0000-00-00 00:00:00', NULL),
(257, 257, 1, '00', '0000-00-00 00:00:00', '0000-00-00 00:00:00', NULL),
(258, 258, 1, '01', '0000-00-00 00:00:00', '0000-00-00 00:00:00', NULL),
(259, 259, 1, '02', '0000-00-00 00:00:00', '0000-00-00 00:00:00', NULL),
(260, 260, 1, '03', '0000-00-00 00:00:00', '0000-00-00 00:00:00', NULL),
(261, 261, 1, '05', '0000-00-00 00:00:00', '0000-00-00 00:00:00', NULL),
(262, 262, 1, '06', '0000-00-00 00:00:00', '0000-00-00 00:00:00', NULL),
(263, 263, 1, '00', '0000-00-00 00:00:00', '0000-00-00 00:00:00', NULL),
(264, 264, 1, '01', '0000-00-00 00:00:00', '0000-00-00 00:00:00', NULL),
(265, 265, 1, '02', '0000-00-00 00:00:00', '0000-00-00 00:00:00', NULL),
(266, 266, 1, '03', '0000-00-00 00:00:00', '0000-00-00 00:00:00', NULL),
(267, 267, 1, '96572800-7', '0000-00-00 00:00:00', '0000-00-00 00:00:00', NULL),
(268, 268, 1, '96856780-2', '0000-00-00 00:00:00', '0000-00-00 00:00:00', NULL),
(269, 269, 1, '96502530-8', '0000-00-00 00:00:00', '0000-00-00 00:00:00', NULL),
(270, 270, 1, '76296619-0', '0000-00-00 00:00:00', '0000-00-00 00:00:00', NULL),
(271, 271, 1, '96501450-0', '0000-00-00 00:00:00', '0000-00-00 00:00:00', NULL),
(272, 272, 1, '61603000-0', '0000-00-00 00:00:00', '0000-00-00 00:00:00', NULL),
(273, 273, 1, '79566720-2', '0000-00-00 00:00:00', '0000-00-00 00:00:00', NULL),
(274, 274, 1, '96504160-5', '0000-00-00 00:00:00', '0000-00-00 00:00:00', NULL),
(275, 275, 1, '76334370-7', '0000-00-00 00:00:00', '0000-00-00 00:00:00', NULL),
(276, 276, 1, '71235700-2', '0000-00-00 00:00:00', '0000-00-00 00:00:00', NULL),
(277, 277, 1, '96522500-5', '0000-00-00 00:00:00', '0000-00-00 00:00:00', NULL),
(278, 278, 1, '89441300-K', '0000-00-00 00:00:00', '0000-00-00 00:00:00', NULL),
(279, 279, 1, '79906120-1', '0000-00-00 00:00:00', '0000-00-00 00:00:00', NULL),
(280, 280, 1, '76521250-2', '0000-00-00 00:00:00', '0000-00-00 00:00:00', NULL),
(281, 281, 1, '70360100-6', '0000-00-00 00:00:00', '0000-00-00 00:00:00', NULL),
(282, 282, 1, '70285100-9', '0000-00-00 00:00:00', '0000-00-00 00:00:00', NULL),
(283, 283, 1, '70015580-3', '0000-00-00 00:00:00', '0000-00-00 00:00:00', NULL),
(284, 284, 1, '61533000-0', '0000-00-00 00:00:00', '0000-00-00 00:00:00', NULL);

-- --------------------------------------------------------

--
-- Estructura de tabla para la tabla `usuarios`
--

CREATE TABLE IF NOT EXISTS `usuarios` (
  `id` int(10) NOT NULL AUTO_INCREMENT,
  `sid` varchar(50) NOT NULL,
  `tipo` tinyint(1) NOT NULL DEFAULT '1',
  `funcionario_id` int(10) unsigned NOT NULL,
  `username` varchar(128) NOT NULL,
  `password` varchar(64) NOT NULL,
  `estado` tinyint(1) NOT NULL DEFAULT '1',
  `perfil_id` int(10) DEFAULT NULL,
  `remember_token` varchar(100) DEFAULT NULL,
  `recuperacion` varchar(255) DEFAULT NULL,
  `updated_at` datetime NOT NULL,
  `created_at` datetime NOT NULL,
  PRIMARY KEY (`id`),
  KEY `funcionario_id` (`funcionario_id`)
) ENGINE=MyISAM  DEFAULT CHARSET=utf8 AUTO_INCREMENT=2 ;

--
-- Volcado de datos para la tabla `usuarios`
--

INSERT INTO `usuarios` (`id`, `sid`, `tipo`, `funcionario_id`, `username`, `password`, `estado`, `perfil_id`, `remember_token`, `recuperacion`,`updated_at`, `created_at`) VALUES
(1, '211eefess2544es55', 1, 1, 'root', '$2y$10$3FRqbgAhKTQKiTabKNoHbO9khfOzECCZD3Rezwebtmr3sKY./lQL2', 1, 0, 'ER8P44K9fdrHhhekuXeE5KrDJk0fyPfP8nuyRqiNkGBRfnKJphbDGBYglLs3', NULL, '2016-06-16 16:57:23', '2014-11-17 00:00:00');


-- --------------------------------------------------------

--
-- Estructura de tabla para la tabla `usuarios_perfil_detalles`
--

CREATE TABLE IF NOT EXISTS `usuarios_perfil_detalles` (
  `id` int(10) unsigned NOT NULL AUTO_INCREMENT,
  `tipo_acceso` tinyint(4) NOT NULL,
  `usuario_id` int(10) unsigned NOT NULL,
  `menu_id` int(10) unsigned NOT NULL,
  `empresa_id` int(10) NOT NULL,
  `crear` tinyint(1) DEFAULT NULL,
  `editar` tinyint(1) DEFAULT NULL,
  `ver` tinyint(1) DEFAULT NULL,
  `eliminar` tinyint(1) DEFAULT NULL,
  `created_at` timestamp NOT NULL DEFAULT '0000-00-00 00:00:00',
  `updated_at` timestamp NOT NULL DEFAULT '0000-00-00 00:00:00',
  PRIMARY KEY (`id`)
) ENGINE=MyISAM DEFAULT CHARSET=utf8 COLLATE=utf8_unicode_ci AUTO_INCREMENT=1 ;



-- --------------------------------------------------------

--
-- Estructura de tabla para la tabla `valores_indicadores`
--

CREATE TABLE IF NOT EXISTS `valores_indicadores` (
  `id` int(11) NOT NULL AUTO_INCREMENT,
  `indicador_id` int(11) NOT NULL,
  `valor` decimal(8,2) NOT NULL,
  `mes` date NOT NULL,
  `fecha` date NOT NULL,
  `created_at` datetime NOT NULL,
  `updated_at` datetime NOT NULL,
  `deleted_at` datetime DEFAULT NULL,
  PRIMARY KEY (`id`)
) ENGINE=MyISAM  DEFAULT CHARSET=latin1 AUTO_INCREMENT=1 ;



-- --------------------------------------------------------

--
-- Estructura de tabla para la tabla `variables_globales`
--

CREATE TABLE IF NOT EXISTS `variables_globales` (
  `id` int(10) unsigned NOT NULL AUTO_INCREMENT,
  `variable` varchar(25) COLLATE utf8_unicode_ci NOT NULL,
  `valor` varchar(50) COLLATE utf8_unicode_ci NOT NULL,
  `created_at` timestamp NOT NULL DEFAULT '0000-00-00 00:00:00',
  `updated_at` timestamp NOT NULL DEFAULT '0000-00-00 00:00:00',
  PRIMARY KEY (`id`)
) ENGINE=MyISAM  DEFAULT CHARSET=utf8 COLLATE=utf8_unicode_ci AUTO_INCREMENT=13 ;

--
-- Volcado de datos para la tabla `variables_globales`
--

INSERT INTO `variables_globales` (`id`, `variable`, `valor`, `created_at`, `updated_at`) VALUES
(1, 'EMPRESAS', '50', '0000-00-00 00:00:00', '0000-00-00 00:00:00'),
(2, 'configuracion', 'g', '0000-00-00 00:00:00', '0000-00-00 00:00:00'),
(3, 'apellido_nombre', '0', '0000-00-00 00:00:00', '0000-00-00 00:00:00'),
(4, 'finiquitados_liquidacion', '0', '0000-00-00 00:00:00', '2018-05-16 16:23:45'),
(5, 'logo_liquidacion', '0', '0000-00-00 00:00:00', '2018-05-16 16:24:10'),
(6, 'notificaciones', '1', '0000-00-00 00:00:00', '0000-00-00 00:00:00'),
(7, 'formato_pesos', '1', '0000-00-00 00:00:00', '2018-05-16 16:04:46'),
(8, 'cargo_liquidacion', '1', '0000-00-00 00:00:00', '2018-05-16 16:23:51'),
(9, 'seccion_liquidacion', '1', '0000-00-00 00:00:00', '2018-05-16 16:24:16'),
(10, 'firma_liquidacion', '1', '0000-00-00 00:00:00', '2018-05-16 16:24:36'),
(11, 'cuenta_liquidacion', '1', '0000-00-00 00:00:00', '2018-05-16 16:23:58'),
(12, 'uf_liquidacion', '1', '0000-00-00 00:00:00', '2018-05-16 16:24:04');

-- --------------------------------------------------------


ALTER TABLE `ahorro_previsional_voluntario` ADD INDEX(`id`);
ALTER TABLE `ahorro_previsional_voluntario` ADD INDEX(`mes`);

ALTER TABLE `asignacion_familiar` ADD INDEX(`id`);
ALTER TABLE `asignacion_familiar` ADD INDEX(`mes`);
ALTER TABLE `asignacion_familiar` ADD INDEX `mes_tramo` (`mes`, `tramo`)COMMENT '';

ALTER TABLE `bancos` ADD INDEX(`id`);
ALTER TABLE `bancos` ADD INDEX(`codigo`);

ALTER TABLE `cajas_ex_regimen` ADD INDEX(`id`);

ALTER TABLE `cotizacion_trabajos_pesados` ADD INDEX(`id`);
ALTER TABLE `cotizacion_trabajos_pesados` ADD INDEX(`mes`);

ALTER TABLE `cuentas` ADD INDEX(`id`);

ALTER TABLE `deposito_convenido` ADD INDEX(`id`);
ALTER TABLE `deposito_convenido` ADD INDEX(`mes`);

ALTER TABLE `documentos_sistema` ADD INDEX(`id`);
ALTER TABLE `documentos_sistema` ADD INDEX(`sid`);
ALTER TABLE `documentos_sistema` ADD INDEX(`nombre`);
ALTER TABLE `documentos_sistema` ADD INDEX(`publico`);

ALTER TABLE `empresas` ADD INDEX(`id`);
ALTER TABLE `empresas` ADD INDEX(`rut`);
ALTER TABLE `empresas` ADD INDEX(`comuna_id`);
ALTER TABLE `empresas` ADD INDEX(`representante_comuna_id`);
ALTER TABLE `empresas` ADD INDEX(`caja_id`);
ALTER TABLE `empresas` ADD INDEX(`mutual_id`);

ALTER TABLE `estados_civiles` ADD INDEX(`id`);
ALTER TABLE `estados_civiles` ADD INDEX(`sid`);

ALTER TABLE `funcionarios` ADD INDEX(`id`);
ALTER TABLE `funcionarios` ADD INDEX(`sid`);
ALTER TABLE `funcionarios` ADD INDEX(`rut`);

ALTER TABLE `indicadores` ADD INDEX(`id`);

ALTER TABLE `menu` ADD INDEX(`id`);
ALTER TABLE `menu` ADD INDEX(`sid`);

ALTER TABLE `menu_permisos` ADD INDEX(`id`);
ALTER TABLE `menu_permisos` ADD INDEX(`menu_id`);

ALTER TABLE `perfiles` ADD INDEX(`id`);
ALTER TABLE `perfiles` ADD INDEX(`sid`);

ALTER TABLE `perfiles_detalles` ADD INDEX(`id`);
ALTER TABLE `perfiles_detalles` ADD INDEX(`perfil_id`);
ALTER TABLE `perfiles_detalles` ADD INDEX(`menu_id`);
ALTER TABLE `perfiles_detalles` ADD INDEX(`empresa_id`);

ALTER TABLE `plantillas_cartas_notificacion` ADD INDEX(`id`);
ALTER TABLE `plantillas_cartas_notificacion` ADD INDEX(`sid`);

ALTER TABLE `plantillas_certificados` ADD INDEX(`id`);
ALTER TABLE `plantillas_certificados` ADD INDEX(`sid`);

ALTER TABLE `plantillas_contratos` ADD INDEX(`id`);
ALTER TABLE `plantillas_contratos` ADD INDEX(`sid`);

ALTER TABLE `plantillas_finiquitos` ADD INDEX(`id`);
ALTER TABLE `plantillas_finiquitos` ADD INDEX(`sid`);

ALTER TABLE `recaudadores` ADD INDEX(`id`);

ALTER TABLE `rentas_minimas_imponibles` ADD INDEX(`id`);
ALTER TABLE `rentas_minimas_imponibles` ADD INDEX(`mes`);
ALTER TABLE `rentas_minimas_imponibles` ADD INDEX `mes_nombre` (`mes`, `nombre`)COMMENT '';

ALTER TABLE `rentas_topes_imponibles` ADD INDEX(`id`);
ALTER TABLE `rentas_topes_imponibles` ADD INDEX(`mes`);
ALTER TABLE `rentas_topes_imponibles` ADD INDEX `mes_nombre` (`mes`, `nombre`)COMMENT '';

ALTER TABLE `seguro_de_cesantia` ADD INDEX(`id`);
ALTER TABLE `seguro_de_cesantia` ADD INDEX(`mes`);
ALTER TABLE `seguro_de_cesantia` ADD INDEX `mes_tipo_contrato` (`mes`, `tipo_contrato`)COMMENT '';

ALTER TABLE `tabla_impuesto_unico` ADD INDEX(`id`);
ALTER TABLE `tabla_impuesto_unico` ADD INDEX(`mes`);

ALTER TABLE `tasas_cajas_ex_regimen` ADD INDEX(`id`);
ALTER TABLE `tasas_cajas_ex_regimen` ADD INDEX(`caja_id`);
ALTER TABLE `tasas_cajas_ex_regimen` ADD INDEX(`mes`);

ALTER TABLE `tasa_cotizacion_obligatorio_afp` ADD INDEX(`id`);
ALTER TABLE `tasa_cotizacion_obligatorio_afp` ADD INDEX(`afp_id`);
ALTER TABLE `tasa_cotizacion_obligatorio_afp` ADD INDEX(`mes`);
ALTER TABLE `tasa_cotizacion_obligatorio_afp` ADD INDEX `mes_afp_id` (`mes`, `afp_id`)COMMENT '';

ALTER TABLE `tipos_estructura` ADD INDEX(`id`);
ALTER TABLE `tipos_estructura` ADD INDEX(`numero`);

ALTER TABLE `tipos_estructura_glosa` ADD INDEX(`id`);
ALTER TABLE `tipos_estructura_glosa` ADD INDEX(`tipo_estructura_id`);

ALTER TABLE `tipos_estructura_glosa_recaudador` ADD INDEX(`id`);
ALTER TABLE `tipos_estructura_glosa_recaudador` ADD INDEX(`glosa_id`);
ALTER TABLE `tipos_estructura_glosa_recaudador` ADD INDEX(`recaudador_id`);
ALTER TABLE `tipos_estructura_glosa_recaudador` ADD INDEX `glosa_recaudador` (`glosa_id`, `recaudador_id`)COMMENT '';

ALTER TABLE `usuarios` ADD INDEX(`id`);
ALTER TABLE `usuarios` ADD INDEX(`sid`);
ALTER TABLE `usuarios` ADD INDEX(`tipo`);
ALTER TABLE `usuarios` ADD INDEX(`username`);
ALTER TABLE `usuarios` ADD INDEX(`perfil_id`);

ALTER TABLE `usuarios_perfil_detalles` ADD INDEX(`id`);
ALTER TABLE `usuarios_perfil_detalles` ADD INDEX(`usuario_id`);
ALTER TABLE `usuarios_perfil_detalles` ADD INDEX(`menu_id`);
ALTER TABLE `usuarios_perfil_detalles` ADD INDEX(`empresa_id`);
ALTER TABLE `usuarios_perfil_detalles` ADD INDEX `usuario_empresa` (`usuario_id`, `empresa_id`)COMMENT '';

ALTER TABLE `valores_indicadores` ADD INDEX(`id`);
ALTER TABLE `valores_indicadores` ADD INDEX(`indicador_id`);
ALTER TABLE `valores_indicadores` ADD INDEX(`mes`);
ALTER TABLE `valores_indicadores` ADD INDEX `indicador_mes` (`indicador_id`, `mes`)COMMENT '';


/*!40101 SET CHARACTER_SET_CLIENT=@OLD_CHARACTER_SET_CLIENT */;
/*!40101 SET CHARACTER_SET_RESULTS=@OLD_CHARACTER_SET_RESULTS */;
/*!40101 SET COLLATION_CONNECTION=@OLD_COLLATION_CONNECTION */;
